food items,Carbs,Total Fat,Saturated Fat,Protein,Fiber,Cholesterol,Sodium,Sugar,Potassium,Magnesium,Phosphorus,Vitamin C,Vitamin A,Calcium,Iron,Zinc,Vitamin E,Vitamin K
Apple,25.48,0.364,0.182,0.546,4.368,0,0,18.2,194.74,9.1,20.02,8.372,10.92,0.3276,4.004,10.92,0.182,0.091
Apricot,6.05,0.22,0,0.77,1.1,0,0.55,4.95,142.45,5.5,12.65,5.5,1059.3,0.4895,1.705,7.15,0.2145,0.11
Avocado,2.7,0.6,0.09,0.6,0.6,0,0,0.06,75,8.7,15.6,3,2.1,0.621,6.3,3.6,0.18,0.18
Banana,27.14,0.354,0.118,1.298,3.068,0,1.18,14.16,422.44,31.86,25.96,10.266,1.18,0.118,0.59,5.9,0.354,0.177
Black Chokeberry,17.16,0.715,0,1.43,4.29,0,1.43,4.29,1082.51,41.47,42.9,41.899,1258.4,2.431,1.287,77.22,2.288,1.0868
Blackberries,20.16,1.008,0,2.88,11.52,0,1.44,10.08,335.52,28.8,31.68,30.24,308.16,1.2528,28.512,41.76,0.8928,0.7632
Blueberries,20.72,1.036,0,1.036,3.552,0,1.48,14.8,168.72,10.36,19.24,14.356,79.92,0.8436,28.564,8.88,0.444,0.2368
Cantaloupe,16.08,0.402,0.134,1.072,2.144,0,32.16,14.74,357.78,20.1,22.78,49.178,4531.88,0.067,3.35,12.06,0.268,0.1876
Cherry,16.8,0.42,0,1.4,2.8,0,0,14,242.2,12.6,23.8,9.8,89.6,0.098,2.94,18.2,0.42,0.14
Cranberry,12,0.1,0,0.4,4.6,0,2,4,85,6,13,13.3,60,1.2,5,8,0.25,0.1
Date Palm,4.32,0.048,0,0.192,0.384,0,0,3.84,40.08,3.36,14.88,0.528,35.76,0.012,0.648,4.8,0.216,0.036
Durian,157.95,31.59,10.692,8.748,22.356,0,4.86,65.61,2573.37,221.13,274.59,47.871,106.92,3.5964,6.804,14.58,3.5721,0.6804
Elderberry,26.1,0.725,0,1.015,10.15,0,8.7,14.5,588.7,26.1,43.5,52.2,1261.5,1.45,10.15,55.1,0.725,0.1595
Golden berries,22.4,0.98,0,3.5,7,0,2.8,15.4,793.8,42,71.4,15.4,3500,1.022,42,35,1.82,1.4
Gooseberries,22.5,0.9,0,2.25,9,0,3,12,297,25.5,43.5,41.55,435,0.285,41.55,49.5,0.465,0.435
Grapefruit,16.94,1.694,0,1.232,3.08,0,0,13.86,255.64,16.94,27.72,48.048,177.1,0.2002,0.154,13.86,0.154,0.1078
Grapes,16.56,0.184,0.092,0.644,0.736,0,0.92,13.8,161.92,6.44,18.4,2.944,2.76,0.1748,13.432,9.2,0.276,0.1012
Guava,4.95,0.33,0.11,0.77,1.65,0,1.1,2.75,142.45,7.7,9.35,125.565,343.2,0.4015,1.43,9.9,0.143,0.1265
Jackfruit,39.6,0.99,0.495,2.475,4.29,0,4.95,31.35,739.2,59.4,100.65,22.77,181.5,0.561,5.445,56.1,0.3795,0.693
Jujube,5.67,0.0567,0,0.3402,1.84275,0,0.8505,3.6855,70.875,2.835,6.5205,19.5615,0,0.031185,0.14175,6.5205,0.14175,0.02835
Juniper Berries,0.06,0.006,0,0.006,0.036,0,0,0,0.6,0.12,0.24,1.38,40.2,0.138,3,5.22,0.114,0.048
Kiwi,11.4,1.976,0.304,0.684,1.596,0,2.28,6.84,180.12,9.12,17.48,70.452,66.12,1.1096,30.628,2.28,0.228,0.076
Longan Fruit,28.5,0.19,0,2.47,2.09,0,1.9,26.6,505.4,19,47.5,161.31,0,0.19,0,1.9,0.19,0.19
Lychee,32.3,0.76,0.19,3.04,2.47,0,1.9,28.5,324.9,15.2,58.9,135.85,0,0.19,0,9.5,0.57,0.19
Mango,41.25,0.66,0.165,1.32,4.29,0,1.65,37.95,457.05,29.7,33,60.06,178.2,1.485,6.93,18.15,0.33,0.132
Melon,20.28,0.468,0,2.028,2.184,0,17.16,18.72,421.2,21.84,34.32,57.252,162.24,0.156,9.828,14.04,0.312,0.312
Mulberry,14,0.56,0.14,1.96,3.36,0,5.6,11.2,271.6,25.2,42,50.96,93.8,2.52,0.98,54.6,1.96,0.28
Nectarines,21.3,0.568,0,2.13,3.408,0,0,17.04,404.7,22.72,32.66,7.668,9.94,0.994,3.124,8.52,0.426,0.142
Orange,18.48,16.94,0,1.386,4.774,0,0,13.86,278.74,15.4,21.56,81.928,346.5,0.2772,0,6.16,0.154,0.1232
Papaya,19.6,0.28,0.14,1.26,3.5,0,11.2,15.4,254.8,28,28,85.26,459.2,0.42,2.38,28,0.42,0.14
Passion Fruit,0.72,0.018,0,0.144,0.342,0,0,0.36,12.24,0.9,1.98,5.4,22.86,0.018,0,2.16,0.288,0.018
Pear,26.7,0.178,0,1.068,5.518,0,1.78,17.8,370.24,12.46,28.48,7.654,0,0.178,8.01,16.02,0.356,0.178
Persimmon,52.08,0.672,0.168,1.68,10.08,0,1.68,35.28,453.6,23.52,55.44,12.6,136.08,1.176,4.368,13.44,0.336,0.168
Pineapple,21.45,0.165,0,0.825,2.31,0,3.3,16.5,297,33,21.45,78.87,95.7,0.033,1.155,21.45,0.495,0.198
Plum,7.26,0.198,0,0.462,0.924,0,0,5.94,68.64,3.3,9.24,6.27,227.7,0.198,4.224,3.96,0.132,0.066
Pomegranate,53.58,3.384,0.564,4.794,11.28,0,8.46,36.66,939.06,101.52,101.52,28.764,0,1.692,46.248,28.2,0.846,0.564
Pomelo,28.896,0.301,0,2.408,3.913,0,3.01,19.565,951.16,51.17,72.24,183.61,346.15,0.602,1.505,12.04,0.301,0.301
Rambutan,1.485,0.018,0,0.081,0.162,0,0.18,1.233,6.84,0.9,1.98,0.441,0,0.018,0.009,1.98,0.018,0.009
Raspberry,14.76,0.861,0,1.476,7.995,0,1.23,6.15,228.78,19.68,36.9,32.226,31.98,1.107,9.594,27.06,0.861,0.492
Redberries,14.76,0.861,0,1.722,4.428,0,1.23,4.92,249.69,17.22,34.44,72.324,71.34,0.615,3.075,3.69,0.369,0.123
Rhubarb,6.1,0.244,0,1.098,2.684,0,1.22,1.586,223.26,14.64,24.4,25.62,1250.5,0.122,35.746,104.92,0.244,0.122
Starfruit,5.46,0.182,0,1.274,2.548,0,1.82,3.64,121.03,3.64,10.92,31.304,0,0.273,1.456,27.3,0.364,0.273
Strawberry,16.8,0.7,0,1.4,4.2,0,1.4,9.8,208.6,21,33.6,82.32,16.8,0.406,3.08,22.4,0.574,0.196
Tangerine,11.44,0.264,0,0.704,1.584,0,0,7.92,146.08,7.04,12.32,23.496,599.28,0.176,0.44,32.56,0.088,0.088
Uglifruit,27.3,0.364,0,2.73,6.188,0,0,21.84,535.08,25.48,49.14,103.74,231.14,0.546,0.91,63.7,0.182,0.182
Watermelon,22.88,0.572,0,1.716,1.716,0,5.72,17.16,915.2,40.04,31.46,23.166,1627.34,0.4004,0.286,28.6,0.6864,0.286
Harrd Red Wheat,25,0.8,0.1,4.5,3.6,0,2,1.55,363,138,350,0,0,33,3.93,2.65,0.08,3.6
Soft Red Wheat,25.3,0.9,0.1,3.6,3.5,0,2,1.22,327,110,306,0,0,34,2.16,1.63,0.35,2.6
Hard White Wheat,26,0.8,0.1,4.5,3.6,0,2,0.99,355,139,346,0,0,32,3.6,2.63,0.1,2.2
Soft White Wheat,25.4,0.6,0.1,4.5,3.6,0,2,1.31,354,138,346,0,0,34,2.66,1.97,0.07,2.2
Durum Wheat,25.6,0.6,0.1,4.9,3.9,0,2,1.71,303,144,303,0,0,51,4.57,2.77,0.5,1.9
Einkorn Wheat,70,2.5,0.5,12,9,0,0,1.38,370,32,262,1.7,0,60,4.31,3.06,0.79,1.9
Spelt Wheat,28.2,0.9,0.2,5.8,3.5,0,6,2.43,382,136,401,0,0,44,2.43,1.95,0.47,4.3
Emmer Wheat,28.7,1.7,0.2,6.3,4.7,0,12,1.57,360,97,358,0,0,38,3.63,2.33,0.9,1.8
White Rice,23.8,0.17,0.085,2.295,0.255,0,0.85,0.102,29.75,21.25,97.75,0,0,8.5,0.68,0.5355,0.0425,0.085
Brown Rice,19.975,0.765,0.17,2.21,1.53,0,0.85,0.7225,36.55,37.4,93.5,0,0,8.5,0.68,0.9265,0.1445,1.36
Basmati Rice,79,0.8,0.2,7.3,1.3,0,1,0.12,35,24,79,0,0,5,1.08,0.99,0.08,0.4
Jasmine Rice,28,0.3,0.1,2.7,0.3,0,1,0.03,35,20,73,0,0,3,0.8,0.68,0.11,1.2
Arborio Rice,21.7,0.2,0.1,1.8,0.3,0,4,0.33,50,18,98,0,0,8,1.2,0.7,0.12,0.3
Black Rice,75,3.3,0.7,6.8,3,0,0,6.3,280,143,370,0,0,28,3.5,1.8,0.8,16.3
Red Rice,23.5,0.9,0.2,2.6,1.8,0,4,1.1,257,56,150,0,0,33,1.47,2.15,1.08,1.4
Wild RIce,21.3,0.4,0.1,4,1.8,0,7,0.35,427,44,306,0,0,10,1.44,2.03,1.29,1.9
Dent Corn,39.84,1.66,0.332,4.98,3.32,0,58.1,2.822,476.42,210.82,408.36,0,0,11.62,0.83,0.498,0.166,0
Sweet Corn,27.55,1.45,0.29,4.35,2.9,0,21.75,4.669,391.5,53.65,129.05,9.86,275.5,2.9,0.754,0.3915,0.0435,0.435
Popcorn,18.72,0.96,0.168,3.12,3.84,0,0.48,0.072,59.52,27.36,21.36,0,0,2.4,0.6504,0.2232,0.0696,0
Flint Corn,68.4,3.6,0.45,8.1,6.3,0,9,0.783,258.3,114.3,189,0,0,6.3,2.439,0.414,0.009,0
Flour Corn,12.48,0.16,0,1.44,1.28,0,2.56,0.2992,45.92,20.32,33.6,0,0,1.12,0.4336,0.0736,0.0016,0
Waxy Corn,15.3,0.85,0,2.55,1.7,0,0.85,0.544,230.35,31.45,75.65,0,0,0.85,0.442,0.2295,0.0255,0
Rolled Oats,66,7,1,17,10,0,0,1.07,429,138,180,0,0,54,4.72,1.29,0.45,0
Steel-cut Oats,68,7,1,14,10,0,0,0.99,350,138,180,0,0,54,4.72,1.29,0.45,0
Quick Oats,67,6.5,1,13,10,0,5,0.77,355,110,180,0,0,54,4.72,1.29,0.45,0
Instant Oats,67,6.9,1.2,12,10,0,202,0.76,259,32,89,0,0,11,1.31,0.27,0.11,0
Oat Groats,68,6.5,1,13,10,0,2,1.55,429,139,410,0,0,52,4.72,1.29,0.03,0
Hulled Barley,73,2.3,0.4,10,17,0,12,0.8,280,79,221,0,0,29,1.03,0.67,0.19,1.2
Pearled Barley,77,1.2,0.3,9.9,15.6,0,10,0.8,280,79,221,0,0,29,1.03,0.67,0.19,1.2
Scotch Barley,77.7,2.3,0.5,9.5,15.6,0,12,0,452,79,221,0,0,11,2.5,2.7,0,2.2
Barley Flakes,121.275,3.795,0.825,16.995,25.74,0,4.95,1.32,462,57.75,179.85,0,0,13.2,4.125,2.475,0,2.475
Barley Grits,76,1.3,0.3,8.2,15,0,3,0.8,280,35,109,0,0,8,2.5,1.5,0,1.5
Barley Flour,87.6,2.76,0.48,12.48,18.72,0,1.2,1.68,396,46.8,130.8,0,0,34.8,3,2.4,0,2.64
Purple Barley,87.6,2.4,0.48,14.4,18,0,8.4,0,336,94.8,265.2,0,0,13.2,3.96,3.6,0,3.96
Black Barley,31.44,1.08,0.6,4.2,4.68,0,14.4,0.96,336,159.6,134.4,0,0,33.6,3,2.64,0.96,3
Sprouted Barley,9.768,0.288,0.06,2.376,3.48,0,15.6,1.08,456,142.8,102,1.44,8.4,34.8,3.24,2.64,0.36,2.76
Whole Rye,38.155,0.96,0.14,4.86,7.8,0,3,0.55,167,60.5,175,0.25,0,17,0.9,0.85,0.25,1.35
Rye Flakes,31.095,0.72,0.135,4.23,6.795,0,0.9,0.585,148.5,61.65,139.95,0,0,16.2,1.62,1.53,0.36,0.99
Rye Flour,7.22,0.13,0.02,0.88,1.51,0,0.3,0.16,35,12.1,35,0,0,3.3,0.27,0.16,0.05,0.22
Pumpernickel,61.2,1.92,0.36,9.12,9.36,0,8.4,4.56,384,70.8,192,0,0,18,1.8,1.68,0.48,1.68
Rye Bread,12.8,0.48,0.112,2.24,2.56,0,100.8,1.76,43.84,11.84,23.68,0,0,12.16,0.384,0.224,0.032,0.512
White Quinoa,39.405,3.515,0.37,8.14,5.18,0,9.25,1.665,318.2,118.4,281.2,0,0,31.45,5.18,2.035,2.035,1.11
Red Quinoa,26.625,2.375,0.25,5.5,3.5,0,8.75,1.125,215,80,190,0,0,21.25,3.5,1.375,1.375,0.75
Black Quinoa,28.755,2.565,0.27,5.94,3.78,0,9.45,2.025,232.2,86.4,205.2,0,0,22.95,3.78,1.485,1.485,0.81
Tri-color Quinoa,25.2,2.4,0,4.8,3.36,0,6,4.08,675.6,236.4,548.4,2.04,0,37.2,5.52,3.36,2.88,1.8
Purple Quinoa,21,2,0.2,4,2.8,0,7,1.4,563,197,457,1.1,0,31,4.6,2.8,2.4,1.5
High-altitude Quinoa,33.6,3.2,0,6.4,4,0,11.2,1.44,900.8,315.2,731.2,1.76,0,49.6,7.36,4.48,3.84,2.4
Golden Quinoa,33.6,3.2,0,6.4,4,0,8,5.44,900.8,315.2,731.2,2.72,0,49.6,7.36,4.48,3.84,2.4
Pearl Millet,40.29,2.21,0.51,5.27,2.21,0,28.9,1.36,595,193.8,484.5,0,0,40.8,5.27,3.06,2.89,0
Foxtail Millet,37.8,1.8,0.45,4.8,1.95,0,25.5,0.9,450,94.5,435,0,0,46.5,4.2,2.4,1.2,0
Finger Millet,23,1.3,0.3,3.3,3.5,0,34,0.8,344,114,387,0,0,344,3.9,2.7,1.4,0
Proso Millet,25.3,0.7,0.2,3.5,1.8,0,4,0.7,135,51,112,0,0,8,0.8,0.8,0.2,0
Barnyard Millet,37.758,1.044,0.174,6.264,3.132,0,15.66,2.784,339.3,55.68,509.82,0,0,19.14,11.658,4.872,1.914,0
Kodo Millet,21.66,1.19,0.25,3.3,1.2,0,27,0.9,241,37,293,0,0,27,0.9,0.9,0.1,0
Little Millet,25.2,1.3,0.3,3.6,7.6,0,17,1.4,205,25,211,0,0,17,9.3,2.2,0.2,0
Grain Sorghum,41.4225,0.9975,0.1925,5.88,6.125,0,3.5,3.675,612.5,315,502.25,0,0,49,7.7,2.625,0.7,0
Sweet Sorghum,54.12,1.64,0,6.56,4.92,0,6.56,24.6,557.6,73.8,246,0,32.8,36.08,4.428,1.476,0.164,0
Broomcorn Sorghum,126.82,5.61,1.02,18.02,10.71,0,6.8,19.21,462.4,76.5,256.7,0,0,28.9,5.78,1.53,0.34,0
Black Sorghum,79.31,3.63,0.66,11.44,6.93,0,30.8,0.77,308,81.4,311.3,0,0,30.8,3.63,1.43,0.55,0
White Sorghum,27.5,1.1,0,3.3,3.3,0,2.2,0.66,385,149.6,315.7,0,0,30.8,3.85,1.32,0.55,0
Red Sorghum,25.3,0.66,0.11,3.85,6.6,0,2.2,4.29,366.3,181.5,315.7,0,0,27.5,4.84,1.76,0.22,0
Common Buckwheat,33.4,1.002,0.167,5.678,4.676,0,1.67,5.678,768.2,385.77,579.49,0,0,16.7,4.008,1.837,0.501,0
Tartary Buckwheat,35.0875,1.05,0.245,5.425,5.775,0,0,6.3,404.25,404.25,607.25,0,0,43.75,16.625,2.275,2.625,0
Silverhull Buckwheat,33.898,1.054,0.2023,5.78,4.76,0,3.4,1.53,572.9,392.7,589.9,0,0,40.8,4.08,2.38,0.68,0
Buckwheat Groats,33.83,1.02,0.17,5.78,2.55,0,1.7,5.78,782,392.7,589.9,0,0,17,4.08,1.87,0.51,0
Kasha,18.7,0.6,0.1,3.4,2.8,0,1,0.9,460,231,347,0,0,10,2.4,1.1,0.3,0
Amaranth (Ramdana),19,2,0.5,4,2,0,4,1.6,332,248,557,0,0,159,7.6,2.2,0.9,0.5
Ivory Teff,20.6,0.9,0.2,3.9,2.8,0,12,2.6,427,184,367,0,0,180,7.6,2.1,3.1,0
Brown Teff,27.04,1.17,0.26,5.07,3.64,0,46.8,3.38,555.1,239.2,477.1,0,0,234,9.88,2.73,4.03,0
Mixed Teff,94.9,3.12,0.65,17.29,10.4,0,46.8,3.12,555.1,239.2,477.1,0,0,234,9.88,2.73,4.03,0
Spelt,28.76,0.87,0.14,5.81,3.8,0,7,2.4,246,136,401,0,0,44,3.2,2.4,0.8,0
Kamut,15,0.5,0,3,2.5,0,4,0.5,181.5,67.5,181.5,0,0,17.5,1.35,0.3,0.2,0
Emmer Farro,24.7,1.7,0.3,5.3,4.4,0,4,1.4,370,68,290,0,0,25,4,1.6,0.5,0
Spelt Farro,23.5,0.8,0.1,3.9,3.2,0,7,2.4,246,136,401,0,0,44,3.2,2.4,0.8,0
Bulgur( Dalia),27.9,0.3,0,4.5,6.75,0,4.5,0.15,180,42,75,0,0,16.5,1.2,0.45,0.45,2.4
Hot Chocolate,52.8,14.4,9,15.2,4.8,48,276,46.8,820,94,490,1.8,272,1.5,6.8,500,4.8,1.6
Mulled Wine,32.7,0.15,0,0.15,0.15,0,15,29.25,87,7.5,15,0.75,9,0,0,0,0,0
Affogato,17.52,9.24,5.76,2.64,0,84,44.4,15.6,132,9.6,48,0,406.8,1.32,7.8,93.6,0.48,0.6
Bone broth,1.68,1.92,0.72,15.12,0,24,470.4,1.2,429.6,24,112.8,0,0,0.072,0,16.8,3.12,0.072
Yerba mate,12,1.2,0,1.68,10.56,0,24,0,626.4,120,79.2,0,480,0.984,3.6,48,1.2,0.864
Gluhwein,24.8,0.2,0,0.2,0,0,14,19.8,178,4,24,0,0,0,0,18,0.6,0.08
Bissap,24,0,0,0,0,0,16,0,98,20,32,90,0,0,4,1.2,0.06,0
Horchata,36,4.56,1.2,3.6,1.68,0,60,33.6,199.2,24,192,0,0,1.032,5.28,38.4,2.88,0.624
Spiced cider,36,0.48,0.24,0.24,1.44,0,24,30.96,252,2.4,14.4,10.56,120,0.504,0.96,9.6,0.24,0.192
White hot chocolate,213.5,87.5,52.5,17.5,2.45,210,763,203,1134,252,906.5,0,875,0.7,2.1,651,11.55,1.75
Coconut hot chocolate,185.5,52.5,42,21,7,3.5,395.5,150.5,1578.5,252,742,0.7,262.5,3.85,3.5,822.5,11.55,8.05
Peanut butter hot chocolate,164.5,80.5,42,49,14,80.5,514.5,136.5,1246,427,1001,0,525,3.885,2.1,1428,17.15,3.85
Mint hot chocolate,185.5,73.5,42,24.5,17.5,80.5,528.5,150.5,1459.5,269.5,840,0.35,500.5,2.8,1.75,689.5,13.65,3.15
Iced Tea,1.2,0,0,0.4,0,0,4,0,8,0,4,6.8,4,0.08,2,20,0.8,0.04
Lemonade,48,0,0,0.4,0,0,12,36,168,0,16,18.4,0,0.32,0.4,28,0.4,0.08
Smoothies,63,0.7,0,3.85,5.95,3.5,24.5,52.5,574,42,108.5,94.5,280,2.8,7,164.5,1.75,1.26
Milkshakes,59.5,11.2,7.35,17.85,0.35,56,364,59.5,882,70,637,1.4,514.5,1.4,0.35,581,0.7,1.855
Slushies,96,0,0,0,0,0,45,84,30,3,48,0,0,0.09,0,15,0.6,0.03
Kombucha,7.5,0,0,0,0,0,2.5,5,50,0,10,1.25,0,0.25,0.5,25,0.25,0.1
Iced Coffee,1.4,0,0,1.05,0,0,42,0.7,133,10.5,10.5,0,0,0,0,38.5,0.35,0.07
Frappuccino,99,11.25,7.2,19.8,0,58.5,436.5,90,936,63,553.5,0,711,0.9,0.45,657,1.35,1.71
Soda,37.1,0,0,0,0,0,35,37.1,0,0,0,0,0,0,0,0,0,0
Sparkling Water,0.14,0,0,0.175,0,0,3.5,0.14,0,14,0,0,0,0.035,0,10.5,0,0
Flavored Water,1.75,0,0,0,0,0,7,1.75,0,0,0,0,0,0.035,0.7,7,0,0
Coconut Water,12.985,0.7,0.63,2.52,3.85,0,882,9.135,875,87.5,70,8.4,0,0.35,1.75,84,1.05,0.7
Sports Drinks,34.5,0,0,0.5,0,0,230,34.5,325,5,65,135,540,1.2,1,45,0.2,0.05
Energy Drinks,28.25,0,0,0,0,0,500,25.75,100,10,50,75,0,0.25,1.25,0,1.25,0.25
Protien Shakes,22,38,13.5,390,6.5,1145,3390,18.5,10200,785,7800,0,10200,0.5,0.5,3950,74.5,61
Chai Latte(iced),23.45,1.4,0.7,3.85,0,21,140,23.45,196,42,133,3.5,147,0.7,1.75,140,3.15,1.05
Arnold Palmer,16,0,0,0,0,0,240,16,120,16,16,40,0,0.4,2,40,0.8,0.4
Italian Soda,105,0,0,0,0,0,87.5,105,0,0,0,0,0,0,0,0,0,0
Agua Fresca,32,0,0,0,0,0,60,32,280,32,32,40,0,0.4,6,32,0.8,0.4
Green Smoothies,40,4,0,8,8,0,160,20,1200,60,120,80,2400,2,20,200,2,6
Mango Lassi,63,7,3.5,17.5,0,70,175,52.5,700,87.5,350,105,1750,1.75,17.5,700,5.25,1.75
Cucumber Water,0,0,0,0,0,0,20,0,0,16,16,40,0,0.4,2,80,0.8,0.4
Fruit infused Iced Tea,20,0,0,0,0,0,20,20,20,20,20,20,20,20,20,20,20,20
Thai Iced tea,120,12,8,12,0,40,80,100,360,40,80,0,2000,0,40,240,4,0.4
Matcha Latte (iced),42,7,1.75,3.5,3.5,0,210,31.5,525,35,210,3.5,3500,3.5,35,420,1.75,0.35
Peppermint Iced Tea,20,0,0,0,0,0,20,20,20,20,20,20,20,20,20,20,20,20
Peach iced Tea,32,0,0,0,0,0,40,32,40,40,40,40,4000,40,40,200,20,0.4
Ginger Beer,28,0,0,0,0,0,28,28,17.5,0,0,0,0,0.525,0.35,0,0.7,0
Limeade,48,0,0,0,0,0,28,36,16,16,16,84,240,0.12,0.4,28,0.4,0.4
Blueberry Smoothie,48,2,0,4,4,16,16,36,272,48,212,44,568,1.44,3.6,88,76,1.6
Vanilla Milkshake,117,36.45,22.95,27.45,0,144,711,112.5,1282.5,112.5,1093.5,0,1804.5,1.035,1.8,949.5,6.3,3.6
Chocolate Milkshake,117,36.45,22.95,27.45,4.05,144,679.5,112.5,1192.5,198,954,0,828,2.475,1.8,2.7,0.45,0
Almond Milkshake,130.5,27,4.5,9,4.5,27,576,112.5,270,126,414,0,0,11.745,0,661.5,4.905,3.78
Cashew Milkshake,103.5,49.5,9,13.5,0,40.5,391.5,67.5,904.5,364.5,562.5,0,0,4.68,0,112.5,8.91,3.015
Rose Water Lemonade,40,0,0,0,0,0,24,36,44,0,0,18.4,400,0,0,20,0.4,0
Mint Lemonande,48,0,0,0,0,0,20,40,52,0,0,14.4,240,0,0,24,0.4,0
Black Iced Tea,1.2,0,0,0,0,0,8,0.8,48,0,0,0,0,0,0,0,0,0.12
White Iced Tea,0.8,0,0,0,0,0,4,0.8,56,0,0,0,0,0,0,0,0,0.04
Rooibos Iced tea,1.2,0,0,0.4,0,0,24,1.2,28,4,4,0,0,0.04,2,44,0,0.04
Broccoli,6.006,0.364,0.091,2.548,2.366,0,30.03,1.547,287.56,19.11,60.06,81.172,566.93,0.7098,92.456,42.77,0.6643,0.5915
Carrots,6.1,0.122,0,0.549,1.708,0,42.09,2.867,195.2,7.32,21.35,3.599,10190.66,0.4026,8.052,20.13,0.183,0.1464
Spinach,1.08,0.12,0.03,0.87,0.66,0,6.9,0.12,167.4,23.7,14.7,8.43,140.7,0.15,43.2,29.7,0.243,0.159
Sweet Potato,22.914,0.114,0,1.824,3.42,0,62.7,4.788,384.18,28.5,53.58,2.736,1044.24,0.2964,2.052,34.2,0.6954,0.342
Tomatoes,4.797,0.246,0,1.107,1.476,0,6.15,3.198,291.51,13.53,29.52,16.851,1024.59,0.6642,9.717,12.3,0.3321,0.2091
Beetroot,13.056,0.272,0.136,2.176,3.808,0,106.08,9.248,442,31.28,54.4,6.664,44.88,0.0544,0.272,21.76,1.088,0.4352
Cabbage,4.06,0.07,0,0.91,1.75,0,12.6,2.24,119,8.4,18.2,25.62,68.6,0.105,53.2,28,0.329,0.126
Cauliflower,5,0.3,0.1,2,2.3,0,30,1.9,299,15,44,48.2,0,0.08,15.5,22,0.42,0.29
Celery,3.03,0.202,0,0.707,1.616,0,80.8,1.818,262.6,11.11,24.24,3.131,453.49,0.3636,29.593,40.4,0.202,0.101
Cucumber,3.744,0.104,0,0.728,0.52,0,2.08,1.768,152.88,10.4,24.96,2.912,37.44,0.0312,7.8,16.64,0.312,0.156
Garlic,0.993,0.015,0.003,0.192,0.063,0,0.51,0.03,12.03,0.75,4.59,0.936,0.27,0.0024,0.051,5.43,0.051,0.0243
Lettuce,1.624,0.112,0,0.784,0.728,0,15.68,0.448,108.64,7.28,12.88,5.152,92.96,0.1008,19.488,20.16,0.28,0.168
Mushroom,2.31,0.21,0.07,2.17,0.7,0,3.5,1.19,222.6,6.3,60.2,1.47,0,0.007,0.35,2.1,0.35,0.364
Onion,10.23,0.11,0,1.21,1.87,0,4.4,4.62,160.6,11,31.9,8.14,0,0.022,0.44,25.3,0.231,0.187
Peas,11.9,0.34,0.085,4.59,4.42,0,3.4,4.845,207.4,28.05,91.8,21.08,649.4,0.1105,20.4,21.25,1.275,1.054
Green Pepper,3.404,0.148,0,0.666,1.11,0,2.22,1.776,129.5,9.62,14.8,59.496,0,0.1036,1.258,7.4,0.222,0.0962
Yellow Pepper,11.718,0.558,0,2.418,4.65,0,7.44,8.928,634.26,29.76,57.66,341.31,345.96,0.2604,9.114,18.6,0.558,0.3162
Red Pepper,4.366,0.222,0,0.962,1.11,0,2.96,3.108,140.6,7.4,17.76,94.498,1166.98,0.2738,5.476,7.4,0.222,0.0814
Potato,29.41,0.173,0,3.46,3.806,0,10.38,1.384,728.33,46.71,76.12,34.081,0,0.5017,3.46,20.76,1.038,0.4844
Pumpkin,7.54,0.116,0,1.16,0.58,0,1.16,3.248,394.4,13.92,24.36,11.02,987.16,0.5104,1.276,24.36,0.232,0.174
Radish,3.944,0.116,0,0.812,1.856,0,45.24,2.204,270.28,11.6,31.32,17.168,0,0.1624,1.508,29,0.348,0.116
Zucchini,3.503,0.339,0.113,1.356,1.13,0,9.04,2.825,294.93,20.34,42.94,18.645,226,0.113,3.616,18.08,0.339,0.226
Water Chestnut,17.02,0.074,0,1.48,2.22,0,2.96,3.626,432.16,22.94,62.16,1.036,0,0.296,0,8.88,0.666,1.036
Turnips,8.32,0.13,0,1.43,2.99,0,36.4,4.94,302.9,15.6,36.4,27.3,0,0.13,0,39,0.39,0.26
Yellow Onion,9.3,0.1,0,1.1,1.7,0,4,4.2,146,10,29,7.4,0,0.1,0.4,23,0.2,0.1
Green Onion,0.625,0.025,0,0.15,0.225,0,4,0.325,29.75,1.75,3.5,1.85,253.5,0.025,51.875,8,0.125,0.025
Eggplant,4.92,0.164,0,0.82,2.46,0,1.64,2.46,187.78,11.48,19.68,1.804,18.86,0.246,2.87,7.38,0.164,0.164
Dandelion Greens,4.95,0.385,0.055,1.485,1.925,0,41.8,0.385,218.35,19.8,36.3,19.25,279.4,1.87,428.12,102.85,1.485,0.22
Artichokes,13.668,0.408,0.084,3.924,10.32,0,112.8,1.188,444,72,87.6,8.88,21.6,0.228,0,25.2,1.536,0.588
Asparagus,3.88,0.16,0.05,2.2,2.1,0,2,1.88,202,14,52,5.6,756,0.16,41.6,20,1.14,0.54
Arugula,0.365,0.066,0.0086,0.258,0.16,0,2.7,0.053,36.9,4.7,5.2,1.5,119.2,0.043,10.86,1.6,0.146,0.047
Aubergine,4.674,0.1476,0.041,0.8282,2.788,0,1.64,2.8946,187.78,11.48,22.14,1.804,18.86,0.4428,2.87,7.38,0.1886,0.1312
Bean Sprouts,5.8,0.5,0.1,3.1,1.8,0,6,0.5,251,18,40,13,1002,0.5,34.8,26,1.5,0.2
Bell Peppers,6,0.3,0.1,1.3,2.1,0,3,4.2,211,12,21,80,1577,0.3,4.9,10,0.3,0.1
Bok Choi,2.2,0.2,0.1,1.5,1,0,65,1.2,252,11,20,45,1054,0.1,45.5,1.5,0.2,0.3
Broad Beans,14,0.7,0.1,7.6,6.4,0,16,2.2,620,34,103,40,34,1.6,25,1.5,2.7,1.7
Brussels Sprouts,9,0.3,0.1,3.4,3.8,0,25,2.2,342,23,69,85,754,0.9,177,1.4,0.4,0.4
Calabrese,3.3,0.4,0,3.1,2.6,0,22,1.2,319,21,57,80,1500,1.48,1.8,147,2.8,0.7
Capers,0.165,0.045,0.01,0.12,0.105,0,127.5,0.02,2,1.8,0.65,0.215,0,0.0265,0.27,2,0.085,0.02
Capsicum,3.45,0.225,0,0.975,1.125,0,2.25,1.8,235.5,13.5,19.5,60,2250,0.2775,1.05,7.5,0.225,0.15
Cardoons,1.8,0.1,0,0.65,0.8,0,8.5,0.3,214.5,11.5,15,5,0,0.09,16,20,0.25,0.1
Butternut Squash,25.461,0.205,0.0615,2.05,4.1,0,4.1,5.3915,721.6,67.65,61.5,43.05,438.7,1.2095,2.255,98.4,1.23,0.3485
Courgette,3.11,0.32,0.08,1.2,1,0,8,2.52,261,21,20,17,200,0.12,4.3,16,0.37,0.32
Daikon Radish,4.1,0.1,0.02,0.6,1.6,0,21,2.5,227,15,20,27.4,0,0.11,1.3,27,0.3,0.2
Cassava,38.1,0.3,0,1.4,1.8,0,14,3,271,21,27,20,0,0.19,1.3,16,0.3,0.2
Choy Sum,6.2,0.5,0,3.2,3.3,0,38,0.7,470,60,50,50,4000,1.01,4.8,105,1.7,0.4
Cime de Rapa,2.7,0.7,0.2,3.3,2.6,0,30,0.7,448,32,69,75,0,0.55,0.8,94,1.2,0.5
Chayote Squash,4.5,0.1,0,0.7,2.2,0,3,1.7,125,12,16,7.7,40,0.12,7.7,17,0.2,0.1
Endive,3.4,0.2,0,1.3,3.1,0,22,0.3,314,15,49,6.5,2816,0.44,231,52,1.5,0.3
Escarole,3.3,0.3,0,1.2,3.1,0,27,0.8,314,19,47,8,2176,0.18,96,36,1,0.2
Fava Beans,58.3,1.5,0.4,26.1,25,0,13,0.4,1093,192,367,10.7,60,1.45,36,103,2.7,1.5
Fiddlehead,4.6,0.4,0.1,4.3,3.3,0,3,0,370,34,61,34,2853,0.87,64,24,5.5,1.5
Dasheen,26.46,0.2,0.11,1.5,1.8,0,18,0,602,25,47,2.4,4,0.38,2.1,14,0.4,0.3
Datil Pepper,8.82,0.5,0.1,1.5,1.8,0,7,3.97,285,18,36,123.9,0,0.69,32.9,7,1.3,0.29
Delicata Squash,7.89,0.1,0.03,1,1.7,0,4,2.4,309,21,20,9.5,525,0.37,0.5,30,0.6,0.14
Fingerlimes,5.5,0.3,0.1,1.3,5.5,0,1,1.5,63,5,17,43,50,0.11,44,0,0.3,0.1
French Beans,7.1,0.2,0,1.8,3.4,0,2,1.1,209,18,38,16.3,38,0.65,14,56,1,0.3
French Sorrel,2.4,0.4,0.1,2.5,1.5,0,27,0.2,337,49,42,48,7166,1.5,60,77,2.9,0.6
Frisee,3.3,0.3,0.1,1.3,3.1,0,22,0.3,314,15,49,6.5,2816,0.44,231,52,1.5,0.3
Galangal,35.9,0.6,0.2,1.7,1.8,0,3,0.2,405,27,62,5.6,6,0.88,1.5,16,1.1,0.6
Garbanzo Beans,27.4,2.6,0.3,8.9,7.6,0,24,0.8,291,48,138,4.8,7,0.53,12,49,2.9,1.5
Garden Rocket,2.1,0.7,0.2,2.6,1.6,0,27,0.7,369,47,52,15,1480,0.47,108,160,1.5,0.4
Gongura,3.4,0.2,0.1,1.9,2.3,0,6,2.2,508,60,64,220,6300,0.49,400,448,5.5,2.5
Green Beans,6.9,0.1,0,1.8,3.4,0,6,3.3,211,25,37,16.3,0,0.41,14,37,1.1,0.2
Green Onions,7.3,0.1,0,1.8,2.6,0,16,2.3,276,20,35,18.8,2222,0.16,207,72,1.5,0.3
Guar,58.3,6.4,1.6,14.2,35.2,0,24,4.4,2300,177,499,4.8,0,1.08,1810,550,4.8,1.5
Hass Avocado,8.5,14.7,2.1,2,6.7,0,7,0.7,485,39,52,10,146,2.07,21,12,0.6,0.6
Delicacy White Kohlrabi,6.2,0.1,0,1.7,3.6,0,20,2.6,350,25,47,62,0,1.5,0.1,27,0.7,0.4
Dickinson Pumpkin,6.5,0.1,0,1,0.5,0,1,2.8,340,12,44,7,1,1.1,1.1,12,0.3,0.2
Edamame Beans,11.1,5.2,0.7,10.1,5.2,0,6,2.4,484,118,202,3,79,0.7,17.8,5,2.7,0.6
Elephant garlic,33.1,0.5,0,6.4,2.1,0,17,1,401,25,153,31,0,0.8,0.5,149,1.7,1.2
Habanero,2.07,0.36,0.045,0.54,0.81,0,1.35,1.035,157.5,8.1,13.5,45,1440,0.315,6.3,6.3,0.81,0.135
Haricot Beans,20.2,0.5,0.1,9,6,0,3,1.7,650,48,138,1,0,0.5,0,56,2.5,1.5
Heirloom Tomatoes,3.9,0.2,0.1,0.9,1.2,0,5,2.6,237,10,24,13,833,0.1,1,10,0.3,0.2
Hispi Cabbage,5.2,0.2,0.1,3,3.1,0,18,3.5,250,30,60,50,43,0.2,200,60,0.6,0.2
Hokkaido Squash,7,0.3,0.1,1.2,1.1,0,2,2.8,320,21,27,9,9,0.3,1,21,0.4,0.3
Horseradish,5.1934,0.322,0.03266,0.5428,1.518,0,12.42,2.5162,113.16,8.28,13.34,11.454,0,0.115,0.322,25.76,0.368,0.2024
Iceberg Lettuce,1.2426,0.0798,0.01083,0.3876,0.684,0,2.85,0.6726,58.14,4.56,7.98,1.596,274.74,0.0171,0.057,10.26,0.1767,0.114
Ice Cream Bean,7.7,0.1,0,1.4,4.9,0,1,3.6,225,0.8,40,25,0,0.07,0,13,0.5,0.1
Italian Red Onion,2.96,0.04,0,0.44,0.56,0,1.2,1.24,50,3.6,8,1.32,0.8,0.04,0.16,9.2,0.08,0.04
Ivy Gourd,2.7,0.12,0,0.84,1.26,0,1.2,1.32,174,10.2,10.2,10.8,162,0.06,0.18,12,0.36,0.18
Jalapeno,0.126,0.014,0,0.028,0.07,0,0.14,0.126,13.3,0.42,1.12,2.422,96.6,0.014,0.224,1.82,0.014,0.014
Japanese Mustard Greens,2.55,0.2,0,1.5,1.6,0,17,1.1,205,10,23,29.5,2661,0.3,69.4,59,0.75,0.15
Jerusalem Artichokes,17,0.2,0,2,1.6,0,3,9.6,429,20,60,3,0,0.2,0.5,14,3.4,0.6
Jicama,12,2.9,0.1,0.2,5.7,0,4,1.8,150,14,38,20,0,0.1,0.5,14,0.4,0.2
Jojoto,28.5,1.8,0.45,4.95,4.05,0,25.5,4.8,364.5,55.5,133.5,6.9,18,1.05,0.15,3,0.9,0.45
Kabocha Squash,15,0.15,0,1.8,4.05,0,6,4.05,591,22.5,46.5,28.5,6622.5,1.05,1.65,24,0.75,0.45
Kai Lan,1.95,0.15,0,1.125,1.2,0,13.5,0.525,110.25,11.25,22.5,55.5,3306,0.3,46.875,40.5,0.525,0.15
Kale,5.025,0.45,0.075,2.175,0.975,0,21.75,0,246.75,23.25,41.25,60,5109,0.75,291.75,11.25,0.75,0.375
Kangkong,3.1,0.3,0.1,2.6,1.1,0,14,0.2,252,30,26,82,6817,0.2,159.4,130,0.7,0.4
Kelp,9.6,0.6,0.1,1.7,1.3,0,233,0.6,89,121,43,3,0,0.5,0,168,2,0.6
Kennebec Potato,17.3,0.1,0.1,2,1.3,0,6,0.8,407,23,57,9,0,0.1,1.9,10,0.7,0.3
Kidney Bean,22.8,0.5,0.1,9,6.4,0,24,0.3,406,78,143,4,0,1.8,8.5,15,2.6,1
King Edward Potato,26.4,0.15,0,3,3.3,0,15,1.2,610.5,34.5,75,29.55,0,0.15,3,15,0.45,0.3
Kohlrabi,8.37,0.135,0,2.295,3.78,0,27,3.51,472.5,25.65,62.1,84.51,0,0.135,1.08,36.45,0.405,0.27
Komatsuna,1.365,0.13,0,1.43,1.04,0,17.55,0,115.05,16.9,22.1,33.345,2818.4,0.13,63.375,76.7,0.91,0.26
Kombu,0.06,0.05,0.01,0.29,0.05,0,235.7,0,8.9,1.7,3,0,0,0.04,0.05,16.8,0.09,0.03
Kovakkai,2.196,0.122,0.061,0.732,1.525,0,3.05,1.708,176.9,14.64,21.96,13.908,0,0.061,14.03,9.76,0.305,0.366
Kuka,0.532,1.288,0.14,0.392,0.364,0,0.84,0.364,45.92,3.64,15.96,20.72,0,0.756,0,14.28,0.924,0.084
Kurrat,2.888,0.266,0.038,1.254,1.254,0,18.24,0.988,133,19,25.08,22.04,0,1.672,126.54,18.62,0.988,0.152
Lacinto Kale,6.16,0.63,0.14,3.01,2.17,0,26.6,1.61,343.7,32.9,64.4,84,270.9,0.91,382.9,105,2.03,0.35
Lagos Bologi,2.6,0.2,0,1.5,1.3,0,21,2.4,220,30,34,36,590,0.1,11.5,33,1.4,0.4
Lakota Squash,8.5,0.1,0,1.1,1.5,0,2,2.2,256,10,21,9.2,295,0.1,1.8,33,0.6,0.2
Land Cress,3.7,0.7,0.2,2.3,2.1,0,81,0.2,534,12,44,69,6370,0.3,200,120,1.1,0.5
Laver,3.3,0.3,0.1,3.8,1,0,98,0.3,700,49,76,41,102,0.4,66,2.3,2.7,0.4
Leaf Celery,2.2,0.2,0,1.3,1.6,0,80,1.8,260,11,40,36,494,0.3,29.3,1.6,0.2,0.2
Lebanese Cucumber,2.2,0.1,0,0.8,0.7,0,2,1.8,147,10,16,2.8,33,0.1,16.4,0.2,0.3,0.1
Yacon,18.9,0.2,0.1,0.5,1.8,0,4,11,293,12,17,2.3,0,0.2,0,20,0.3,0.4
Yam,27.9,0.2,0.1,1.5,4.1,0,9,0.5,816,21,55,17.1,0,0.7,1.8,17,0.5,0.2
Yam Bean,23.3,0.7,0.3,9.5,8.3,0,4,4.9,487,108,199,0.7,0,12,0,47,2.5,1.1
Yarrow,6.5,0.9,0.1,3.8,3.7,0,12,0.2,169,33,79,0.9,198,0.7,0,16,1.8,0.3
Yao Choy,3.2,0.2,0,2.6,1.9,0,12,1.1,188,37,60,120,310,0.5,254,87,1.1,0.3
Yardlong Bean,7.6,0.4,0,4.2,3.4,0,4,2.7,216,54,113,16,0,0.2,14,38,2.8,0.9
Yellow Squash,3.4,0.2,0,1.2,1.1,0,2,2,261,18,38,14,200,0.1,3.2,0.4,0.3,0.2
Yuca Root,38.1,0.6,0.1,1.4,1.8,0,14,0.5,271,21,20,20,0,0.8,1.4,16,0.3,0.3
Yukon Gold Potato,17.3,0.1,0,1.7,2,0,6,0.7,421,23,57,20.5,1,0.2,2.2,10,0.3,0.2
Zebra Eggplant,5.88,0.18,0.05,1.01,3,0,2,3.53,229,14,33,1.8,14,0.3,3.5,9,0.2,0.1
Zizania Latifolia,23.36,0.66,0.23,2.06,4.5,0,4,0.28,520,122,79,0,0,0.1,3.5,33,1.3,0.5
Watercress,1.3,0.1,0,2.3,0.5,0,41,0.2,330,21,40,43,319,0.5,250,120,0.2,0.2
Wax Beans,7.1,0.2,0,1.8,1.8,0,4,3.4,200,18,38,16,180,0.2,14,37,0.7,0.4
Welsh Onions,7.6,0.1,0,1.8,1.6,0,12,2.7,276,12,29,12,146,0.2,31,119,1.2,0.2
White Radish,3.4,0.1,0,0.6,1.6,0,39,1.9,233,10,20,14,7,0.1,1.6,27,0.3,0.1
Vanilla,0.506,0.0024,0.0008,0.0024,0.004,0,0.36,0,5.92,0.28,0.44,0,0,0,0.256,0.44,0.004,0.004
Velvet Bean,63.38,1.46,0.42,25.23,19.2,0,9,0,1664,0,276,1.4,0,0,7.2,50,13.4,7.5
Vidalia Onion,20.72,0,0,1.48,2.96,0,4.44,13.32,346.32,14.8,42.92,10.952,0,0,0,41.44,0.296,0.296
Vivaldi Potatoes,29.6,0,0,2.96,2.96,0,11.84,1.48,799.2,41.44,78.44,17.76,0,0,44.4,7.4,0.888,0.444
Rock Samphire,8.6,0.9,0.2,3.5,4.9,0,240,0.9,490,68,64,36,5000,0.3,40,490,14,0.7
Roma Tomatoes,3.9,0.2,0,0.9,1.2,0,5,2.6,237,10,24,13,833,0.1,1,10,0.3,0.2
Romaine Lettuce,3.3,0.3,0,1.2,2.1,0,28,1.2,247,13,33,24,871,0.3,48,33,0.5,0.5
Romanesco,4.1,2.8,0.4,2.8,2.3,0,33,2,220,20,44,80,0,0.5,24,80,1.5,0.6
Rosa Bianca Eggplant,6.2,0.2,0,1,3,0,2,3.5,229,14,30,1,6,0.1,3,1,0.2,0.1
Runner Beans,5.7,0.2,0,2.7,3.2,0,4,1.4,239,37,57,20,19,0.4,37,20,1.2,0.6
Pinkbean,60.13,1.26,0.24,23.58,15.4,0,6,2.87,1407,0,354,1.8,0,0,29,43,6.8,4.2
Pinto Beans,62.65,1.16,0.15,21.42,15.4,0,6,2.4,1392,0,374,1.3,0,0,24,55,2.4,4.2
Pitwaa,7.8,0.48,0,1.52,1.2,0,2,2.2,243,0,30,0,0,0,2.8,17,1.1,0.3
Plum Tomatoes,3.89,0.2,0.03,0.88,1.2,0,5,2.63,237,0,24,13.7,833,0,9.7,10,0.3,0.2
Pointed Cabbage,3.4,0.3,0.05,1.1,2.5,0,7,2.2,166,0,20,37,10,0,76,2.5,0.2,0.2
Navy Beans,4.0959,0.8658,74.259,78.588,0,79.92,6.993,4685.31,406.26,1478.52,2.664,0,476.19,0,0,14.985,14.652,0.666
Neeps,0.056,0.028,0.252,0.756,0,4.2,0.952,68.04,6.44,11.2,12.6,0,24.36,0,0,0.112,0.056,0.028
Nettles,0.294,0.084,2.31,1.008,0,2.1,0,140.28,33.18,49.14,0.63,2832.9,202.02,0,0,1.134,0.21,0.084
New Potatoes,0.077,0.0154,1.54,1.309,0,4.62,0.616,291.83,17.71,38.5,14.63,0,9.24,0.077,0.077,0.462,0.308,0.154
Methi,6.4,0.9,0.4,4,2.5,0,67,0,770,191,51,220,322,0.7,150,176,3.9,1.9
Microgreens,2.6,0.4,0.1,1.7,1.8,0,14,0.2,247,21,28,43,2600,0.7,56,120,1.5,0.5
Mizuna,4.7,0.5,0.1,2.5,1.5,0,10,0.5,460,19,60,90,1320,0.1,160,120,1.5,0.3
Molokhia,7.4,1.7,0.4,4,4,0,27,0.5,390,81,66,4,569,0.4,4.5,184,1.9,0.2
Broiler Chicken,0,15,4.2,25,0,88,74,0,240,24,190,0,49,0.2,0.3,19,1.1,1.3
Desi Chicken,0,10,3,26,0,90,80,0,204,23,204,0,36,0.2,0.1,11,1.2,0.9
Kadaknath Chicken,0,10,3,25,0,100,70,0,200,25,200,2,50,0.2,0.1,10,2.8,0.4
Rohu Fish,0,2.4,0.7,17.9,0,59,50,0,330,25,210,0,120,0.5,0.2,30,0.7,0.5
Katla Fish,0,5.5,1.3,18,0,68,30,0,346,30,205,0,34,0.8,0.3,12,0.9,0.3
Hilsa Fish,0,22,6,24,0,80,105,0,470,50,250,1.8,108,0.4,0.1,74,1.1,0.4
Pomfret Fish,0,2.4,0.6,20,0,50,72,0,354,33,240,0.3,54,0.1,0.1,20,0.5,0.3
Surmai Fish,0,6.1,1.7,17.8,0,68,43,0,358,28,206,0,34,0.5,0.1,15,0.7,0.6
Bangda Fish,0,22,6,24,0,80,105,0,470,50,250,1.8,108,0.4,0.1,74,1.1,0.4
Prawns Fish,0,2,0.7,19,0,150,200,0,230,25,220,0,40,0.2,0.1,50,1,2
Lobster Fish,0,0.8,1,19,0,145,400,0,328,37,220,0.5,10,0.5,0.1,37,0.5,1.8
Crabs Fish,0,1.1,0.2,17,0,83,324,0,285,33,222,5.2,68,0.6,2.4,82,0.9,2.2
Tuna Fish,0,6,1.7,23,0,45,39,0,337,30,211,0,19,1.3,0.1,10,1.2,0.5
Salmon Fish,0,13.4,2.6,22,0,55,63,0,363,26,210,0,36,0.8,0.1,8,0.7,0.6
Sole Fish,0,1.5,0.3,14,0,48,105,0,222,31,177,0,50,0.4,0.1,24,0.4,0.5
Sardines Fish,0,11.5,2.6,24.6,0,142,487,0,397,50,490,0,277,2.5,0.2,382,2.8,1.2
Beef Meat,0,18,7,26,0,80,55,0,290,20,190,0,0,0.2,1.2,10,3,4
Pork Meat,0,16,5,6,0,85,60,0,320,20,200,0,0,0.3,0.1,10,1,2
Lambs Meat,0,20,9,25,0,85,60,0,290,20,200,0,0,,0.1,10,1.4,3.3
Mutton Meat,0,25,11,20,0,80,70,0,310,15,180,0,0,0.2,0.1,10,1.4,2.6
Deer Meat,0,3.2,1.4,26,0,86,61,0,332,28,217,0,4,0.3,1.8,10,4.1,4.2
Rabbits Meat,0,6.5,1.9,35,0,130,70,0,375,27,274,0,13,0.3,0.1,27,3.8,3.3
Snails Meat,2,1.4,0.4,16,0,50,90,0,382,250,200,3,50,5,0.1,10,3,1
Duck Meat,0,28.4,9.4,18.1,0,81,59,0,230,22,195,2.8,47,0.4,1.6,13,2.7,2.2
Quail Meat,0,7.6,2.1,23.6,0,101,75,0,305,21,277,0,128,0.1,0.1,13,2.3,1.8
Turkey Meat,0,3.1,0.9,25.8,0,62,69,0,318,29,245,0,4,0.4,0.5,11,1.3,1.4
Guinea Fowl Meat,0,6.2,1.7,21.5,0,89,63,0,244,22,209,0,12,0.5,0.3,13,1.5,1.3
Pigeon Meat,0,4.2,1.2,24.4,0,127,74,0,258,21,295,0,11,0.3,2.8,9,1.6,2.3
Emu Meat,0,3,0.8,22,0,66,60,0,242,24,206,0,120,1,0,7,4.6,2.5
Goose Meat,0,17.2,5.5,20.7,0,84,70,0,250,18,215,0,350,1.6,0,13,2.7,2
Pabda Fish,0,3,1,16,0,58,49,0,267,25,172,0,25,0.7,0.2,10,1,0.5
Tengra Fish,0,3.3,1.3,21.5,0,60,72,0,329,26,190,0,30,0.3,0.1,16,1.4,0.4
Shingi Fish,0,2,0.6,20,0,65,61,0,300,28,195,0,10,0.5,0.2,14,1.5,0.4
Chital Fish,0,0.7,0.2,21,0,45,50,0,331,31,223,0,51,0.6,0.1,16,0.7,0.3
Puti Fish,0,2.5,0.5,17.3,0,53,37,0,228,25,260,0,8,0.2,0.1,10,0.7,0.4
Shrimp Seafood,0.2,0.3,0.1,24.4,0,189,119,0,239,34,220,2.6,12,1,0.1,38,1.2,1.2
Lobster Seafood,0.91,0.97,0.16,19.37,0,145,486,0,274,36,221,0.4,0,0.64,0.1,56,0.4,2.75
Mussels Seafood,7.2,2.2,0.5,24.1,0,35,480,0,310,36,244,10,100,2,50,59,6.7,3.3
Squid Seafood,2.2,1.4,0.4,18.3,0,233,44,0,250,49,250,3.3,33,1.4,0.2,44,1.4,0.4
Oysters Seafood,4.9,1.8,0.3,9.7,0,56,195,0,150,40,170,8,146,1.4,0.5,49,5.7,28
Clams Seafood,5.1,1.9,0.3,24,0,78,50,0,534,58,270,22,100,1.1,0.2,36,28,2.3
Cochin Chicken,0,3.6,1,31,0,70,70,0,345,30,234,0,12,0.5,0,13,1,0.8
Leghorn Chicken,0,2.6,0.4,24,0,92,70,0,345,33,230,0,10,0.2,0,12,1,0.4
Acorns,40.7,23.9,1.8,6.2,6.7,0,2,0,418,91,110,0,0,47,1.2,1.1,0.24,0
Almonds,6.076,13.832,1.036,5.936,3.5,0,0.28,1.232,205.24,75.6,135.52,0,0.28,73.92,1.036,0.868,7.168,0
Baru Nuts,19.4,40.5,9.7,13.2,17.2,0,3,2.3,534,235,380,0,0,88,1.8,1.1,0,0
Beech Nuts,13.8,53.6,5.5,10.6,5.9,0,0,0,355,251,266,0,0,22,1.1,2.7,0,0
Black Walnut,13.7,69.1,6.8,15.2,6.8,0,0,2.6,441,464,410,0,0,61,2.9,3.1,0,0
Brazil Nuts,0.98,18.76,4.228,4.004,0.588,0,0.84,0.392,184.52,105.28,203,0,0,44.8,0.7,1.148,1.596,0
Butternut,14.88,0.12,0,1.2,3.36,0,3.6,3.12,342,52.8,50.4,9.6,127.2,57.6,0.72,0.96,0.72,1.32
Cacao Seeds,8.736,14.448,8.372,3.08,9.296,0,5.88,0.28,139.72,40.32,104.16,0.224,1.96,20.44,1.68,0.924,0.112,11.284
Candlenut,4.032,21.112,4.228,2.156,3.304,0,0,0.252,175.84,40.88,63.28,0.028,0,15.12,1.12,0.448,0.196,0
Caraway Seeds,0.42,0.3066,0.0189,0.4158,0.798,0,0.357,0.0126,11.928,5.418,11.928,0.441,0,14.469,0.1155,0.0693,0.4158,0
Cashews,8.4532,12.278,2.1784,5.1016,0.924,0,3.36,1.6548,184.8,81.76,166.04,0.14,0,10.36,1.8704,1.6184,0.252,0
Cedar Nuts,5.1716,12.656,1.806,6.258,0.98,0,0.56,1.0052,167.16,70.28,145.04,1.54,0,19.88,1.5484,1.3104,1.4924,1.988
Chestnuts,38.2536,1.8984,0.3696,2.4444,6.804,0,3.36,6.7872,497.28,86.52,232.68,27.72,0,22.68,0.9828,0.7812,0.21,4.452
Chia Seeds,11.7936,8.6072,0.9324,4.6312,9.632,0,4.48,0.2772,113.96,93.8,0.448,0,176.68,2.1616,1.2824,0.0812,0.14,0
Coconut,3.248,7.504,6.6668,0.9324,2.044,0,8.96,1.7444,99.68,8.96,31.64,0.784,0,3.92,0.6804,0.2968,0.1036,0.056
Filbert,4.942,17.01,1.24964,4.186,2.716,0,0.84,1.2152,190.4,45.64,81.2,0.504,5.6,31.92,1.316,0.686,4.2084,3.976
Flax Seeds,2.888,4.216,0.3663,1.829,2.73,0,3,0.155,81.3,39.2,49.4,0.06,0,25.5,0.573,0.434,1.995,0
Ginkgo nuts,10.752,0.5012,0.0644,1.3748,0.756,0,0.28,0.2324,186.76,25.48,40.04,0,0,3.64,0.392,0.252,0.4032,0
Hazelnuts,4.676,17.01,1.24964,4.186,2.716,0,0.84,1.2152,190.4,45.64,81.2,0.504,5.6,31.92,1.316,0.686,4.2084,3.976
Heartnut,4.284,20.216,1.484,2.604,0.84,0,0,1.148,62.44,36.68,81.2,0.168,0,11.76,0.392,0.42,0.672,1.54
Hemp Seeds,0.69,14.7,1.35,9.48,0.36,0,2.1,0.42,257.7,147,348,0.45,0,21,2.97,2.37,0.24,2.1
Hickory Nuts,1.092,5.544,0.42,1.008,0.756,0,0,0.504,32.48,26.32,29.12,0.336,1.4,5.88,0.392,0.392,0.364,0.98
Jackfruit Seeds,23,1.1,0.3,4.3,1.5,0,4,1.2,448,74,61,13.8,0,56,1.5,1.1,0.5,6.7
Kola Nuts,5.04,0.924,0.252,2.688,2.38,0,0.84,0.644,91,17.36,47.32,0,0,0,0,0,0.308,0.476
Macadamia Nuts,3.9123,21.4893,3.43035,2.23965,2.268,0,1.4175,1.3041,104.328,36.855,53.298,0.6804,0,24.0975,1.16235,0.3402,0.0567,0
Mongongo Nuts,9.83745,14.08995,4.33755,4.9896,5.69835,0,4.8195,1.8144,168.1155,56.7,127.575,0,0,15.0255,0.7371,0.48195,0.0567,0
Nigella Seeds,0.84,1.055,0.135,0.915,0.43,0,4.4,0.115,32.75,19.5,22.5,0,0,46.55,0.495,0.265,0.025,1.25
Oak Nuts,15.0255,6.7473,0.87885,2.1546,5.01795,0,0,0,111.699,20.979,62.937,0,0,6.237,0.3969,0.19845,0.1134,0
Peanuts,4.572855,13.95954,1.78038,7.3143,2.40975,0,5.103,1.33812,199.8675,47.628,106.596,0,0,26.082,1.29843,0.927045,2.361555,0.25515
Pecans,3.92931,20.403495,1.75203,2.599695,2.7216,0,0,1.125495,116.235,34.3035,78.5295,0.31185,15.876,19.845,0.717255,1.284255,1.601775,0.99225
Pili Nut,4.9896,20.3553,4.317705,4.8195,0.53298,0,1.9845,0.567,221.13,88.1685,109.1475,0.2268,0,32.0355,1.567755,1.114155,4.941405,0.3402
Pine Nuts,3.6624,19.1436,1.37172,3.8332,1.036,0,0.56,1.0052,167.16,70.28,161,2.52,0,4.48,1.5484,1.806,2.6124,9.772
Pistachios,7.6076,12.7092,1.55988,5.768,2.968,0,0.28,2.1868,287,33.88,137.2,0.644,0,8.68,1.0976,0.8344,0.714,0.476
Pomegranate Arils,16.791,1.0179,0.087,1.4268,3.045,0,2.61,12.4671,179.22,13.92,29.58,5.568,0,8.7,0.261,0.3132,0.522,14.268
Poppy Seeds,7.8764,11.8048,1.38544,5.0372,5.46,0,3.92,0.2772,201.32,97.16,231,0.224,0,3.92,2.604,2.212,2.212,9.548
Pumpkin Seeds,1.4028,1.4,0.28812,1.4616,0.476,0,1.96,0.2436,63,42.28,73.36,0.168,0,12.88,0.3192,0.266,0.4676,0.14
Quinoa Seeds,118.4,11.1,1.85,25.9,12.95,0,9.25,1.85,1041.55,364.45,845.45,0,3.7,86.95,9.25,5.55,3.7,0
Sesame Seeds,2.07,4.5,0.63,1.62,1.08,0,0.99,0,42.12,31.59,56.61,0,0.81,87.75,1.26,0.63,2.25,0
Soynuts,4.2,6.16,0.84,10.92,2.8,0,2.8,0.28,197.12,45.64,135.8,0,0,15.68,1.68,0.28,0,0
Squash Seeds,2.8,13.72,2.52,8.4,1.68,0,1.4,0,257.32,73.36,73.36,0,0,17.64,3.08,1.68,0.56,0
Sunflower Seeds,5.6,14.28,1.4,5.88,2.52,0,0.56,0.56,180.6,91,184.8,0.28,14,21.84,1.4,1.4,10.08,0.28
Walnuts,3.92,18.2,1.68,4.2,1.96,0,0,0.56,123.48,44.24,96.88,0,0.28,27.44,0.84,0.84,0.56,0.84
Watermelon Seeds,11,49,10,28,4,0,5,2,648,515,648,0,0,0,7,0,0,0
Greek salad,3,14,5,4,2,20,350,2,250,20,50,10,40,200,1,1,0.5,50
Caesar salad,2,13,3,3,1,50,285,0,200,15,45,15,50,200,1,1,1,20
Caprese salad,2,18,8,5,0,25,200,2,250,10,50,5,600,0.5,1,0.5,50,10
Cobb salad,3,16,5,9,2,80,525,1,350,30,80,10,750,2,2,2,40,44.6
Waldorf salad,15,13,2,2,2,5,75,10,150,15,15,2,50,0.5,0.5,1,4,22.8
Potato salad,12,8,1,3,1,15,275,2,250,20,35,5,30,0.5,1,0.5,10,3.3
Coleslaw,10.47,11.26,1.78,1.43,1.8,11.23,179,9.2,195,15,26,45,1450,77,0.68,0.3,0.3,34.2
Tuna salad,2.2,9.4,1.6,12.6,0,29,270,1.1,189,33,164,1,9,1,0.3,1.1,0,0.5
Chicken Caesar salad,2.68,11.4,2.48,13.22,0.9,50.1,516,0.6,168,21,159,1,221,1,1.17,0.39,22.8,97
Macaroni salad,18.05,13.73,2.64,4.66,1,19.94,378,3.71,91,19,95,0,121,1,1.12,0.63,3.3,8
Pasta salad,20.4,8.2,2.4,5.8,1.2,10,422,1.9,77,23,77,0,56,1,0.9,0.9,0.1,3
Ambrosia salad,22,4.9,2.2,1.4,1.4,7,34,17,146,9,22,3.3,223,40,0.3,0.3,0.9,0
Antipasto salad,6.2,12,2.9,11,1.7,27,1100,1.8,200,43,230,0.9,269,138,1.8,3.6,3.3,24.5
Black bean salad,27,6.7,0.9,7.6,8.8,0,368,2.3,450,105,176,4.6,60,38,2.4,0.6,1.8,6.4
Broccoli salad,9.9,12,2.5,2.8,2.6,10,430,7.6,316,21,66,93,623,62,2,0.9,0.8,101
Carrot salad,14,9.7,1.3,1.5,2.8,0,221,8.2,410,20,45,5.9,16950,44,0.7,0.6,0.7,15.5
Chickpea salad,14.5,5.9,0.7,3.7,4.8,0,326,1.9,291,48,70,3.3,5,27,1.5,1.5,0.6,6.8
Cucumber salad,2.2,0.2,0,0.7,0.5,0,2,1.7,147,13,16,2.8,2,16,0.3,0.2,0.03,7.5
Egg salad,2.2,12.3,3.3,7.5,0,371,347,1.4,126,12,102,1.9,496,53,1.2,1.3,1.1,1
Falafel salad,38.4,14.8,1.8,14.9,8.7,0,745,2.8,541,85,265,1.7,0,70,3.2,2.3,0.3,47
Fruit salad,14.1,0.2,0,0.6,1.4,0,2,11.2,113,8,12,16.4,25,7,0.3,0.1,0.6,4.9
Grilled vegetable salad,13.716,3.048,0.508,3.175,4.318,0,24.13,6.985,429.26,33.02,60.96,26.67,1781.81,39.37,0.762,0.508,1.7526,28.575
Israeli salad,24,0.72,0.24,4.8,7.2,0,43.2,11.76,782.4,43.2,134.4,72,2520,57.6,2.16,0.96,1.368,13.2
Kale salad,6.03,0.737,0.134,2.211,1.742,0,19.43,1.474,328.97,14.07,36.85,80.4,456.27,10.05,1.005,0.603,0.6901,260.63
Lentil salad,63.36,11.088,1.188,23.76,31.68,0,590.04,8.712,1447.38,138.6,453.42,7.92,27.72,7.92,6.534,4.95,0.9702,14.256
Mediterranean salad,12.6,16.8,2.8,5.6,2.8,14,686,5.6,294,44.8,106.4,42,210,1.26,1.26,1.68,14.28,125.58
Nicoise salad,32.9,72.38,11.515,72.38,11.844,690.9,2023.35,9.541,2309.58,282.94,954.1,55.93,723.8,10.528,8.554,18.424,149.695,147.392
Panzanella salad,36,4.8,0.8,7,3.2,0,478,6.6,460,32,104,32,10000,84,2.4,0.8,1.4,12.6
Quinoa salad,36,4.2,0.4,8,5.6,0,14,1.4,344,128,304,0,0,62,3,2.4,4.8,1.6
Roasted beet salad,22,7,1,3.6,6.6,0,442,18.2,650,62,66,14,66,0,2.4,0.6,0.2,0.4
Spinach salad,3.2,0.8,0.2,5.8,2,0,158,0.8,1116,158,98,56,11250,272,1.8,1.2,0.8,965.8
Steak salad,4.4,8.4,2.9,15.9,1.6,47,207,2.2,333,22,216,0,15,27,2.1,3.3,0.6,1.5
Tabouli salad,15.2,0.7,0.1,3,4,0,28,1.1,389,21,66,30,264,34,1.4,0.8,0.7,0.9
Waldorf chicken salad,11,7.1,1.2,7.9,1.2,24,114,7.3,193,20,127,1.5,132,46,1.1,1,0.9,1.8
Asian coleslaw,10.2,6.8,0.6,2.2,2.7,0,229,7.6,219,25,39,35,4,37,0.8,1,0.5,1.2
Avocado and cucumber salad,4.5,6.2,1.1,1.3,2.8,0,25,1.4,325,24,28,3.2,53,12,0.4,0.4,2.6,21
Bacon ranch potato salad,16,8.4,2.1,2.8,1.3,16,369,1.3,245,18,46,1.3,38,9,0.6,0.5,0.3,0.5
Barley and roasted vegetable salad,18,2.7,0.5,2.9,5.5,0,8,4.6,191,31,71,6.4,268,17,1.3,0.4,0.5,2
Beet and goat cheese salad,10,9.9,4.5,4.6,1.8,17,321,7.6,325,31,94,2.8,160,83,0.9,0.3,1.1,0.2
Buffalo chicken salad,1.5,9.9,2.2,12,0.6,34,423,0.8,264,21,152,0,61,9,0.7,1.3,0.3,0.1
Caesar salad with shrimp,7.4,11,2.4,10,1.2,68,499,1.6,147,22,177,6,16,1.3,1.2,0.3,0.9,82.6
Chickpea and feta salad,14,10,2.4,6.4,3.3,12,275,2.8,256,47,174,29,62,2.2,2.5,0.9,1.8,184.3
Chinese chicken salad,8.6,11,1.9,15,2.1,53,356,2.7,244,43,64,4,214,3.4,1.6,0.8,3.3,62.3
Citrus avocado salad,9.6,12,2.2,2.5,6.2,0,233,5.1,323,39,50,46,30,1.5,1.4,2.1,21,37.5
Couscous salad,17,4.5,0.6,3.4,1.4,0,152,2.2,191,23,61,0.3,4,0.6,0.8,0.4,5.5,8.8
Cranberry and walnut salad,18,11,1.2,3.2,2.2,0,43,13,250,56,62,3,3,1,1.3,0.8,1.8,36.5
Curried chicken salad,3.1,8.5,2.5,11.4,0.9,35.2,160,2.3,285,26,178,1.6,254,47,2.2,1.6,0.7,1.1
Grilled corn salad,16.8,7.1,1.2,3.8,2.3,3.3,15,4.4,271,37,89,9.4,189,8,0.9,0.7,1.1,2.9
Grilled peach and chicken salad,6.5,5.5,1.5,14,1.8,45,160,3.8,240,36,173,8.2,390,52,1.8,1.4,1.4,4
Grilled shrimp and vegetable salad,4.2,2.1,0.3,9.3,1,80,262,1.8,266,26,121,8.7,540,80,1.8,1.1,1.4,4.4
Italian pasta salad,22,11.1,2.2,7,1.7,15,426,3.3,112,66,111,11,667,123,2.2,0.9,2,1
Kale and quinoa salad,17,3.5,0.5,4.5,2.5,0,186,3.5,354,70,92,120,5000,150,1.4,1.8,0.7,500
Mango and black bean salad,18,4,0.5,4.5,4,0,128,8.3,411,72,97,27,218,30,1,1.4,1.1,35
Melon and prosciutto salad,8,6.9,3.3,10,0.6,36,900,6.9,168,25,177,36,1800,100,1.1,1,0.6,2
Moroccan chickpea salad,52.32,13.44,1.44,15.36,15.36,0,1108.8,9.84,972,144,304.8,18,247.2,177.6,6,3.6,1.44,23.04
Orange and fennel salad,12.72,2.64,0.36,1.44,3.12,0,72,7.56,255.6,19.2,36,112.68,144,60,0.96,0.48,0.6,33.12
Peach and burrata salad,17.325,15.925,9.8,10.85,2.275,59.5,777,11.725,500.5,64.75,210,19.775,857.5,239.75,2.1,1.05,1.925,13.3
Pesto pasta salad,49.95,10.8,2.55,10.65,4.95,10.5,298.5,2.55,277.5,64.5,187.5,6.6,225,52.5,3.3,1.8,1.8,15.45
Rainbow salad,12.5,5.1,0.9,3.5,3.5,0,31,5,351,21,76,57,1800,85,1.7,0.6,0.9,129
Red potato salad with dill,13.8,5.5,1.1,2.5,1.4,5,307,1,321,24,54,10,50,30,0.7,0.4,0.8,0
Roasted sweet potato and kale salad,13.1,3.6,0.5,2.7,2.7,0,30,3.6,387,36,47,120,191,47,1.3,0.6,1.2,681
Salmon Nicoise salad,7.3,10.7,1.8,6.6,1,46,380,2.2,333,65,139,2,139,39,1.6,0.8,1.3,25
Shrimp and avocado salad,15,15,3,25.5,9,195,630,1.5,720,75,300,15,600,120,2.25,2.25,3.75,37.5
Southwestern black bean salad,30,7.5,1.5,10.5,9,0,525,4.5,600,67.5,225,15,300,75,3,3.75,3.75,37.5
Spicy Thai beef salad,22.5,16.5,3,25.5,3,75,705,4.5,675,60,375,22.5,300,60,3.75,4.5,3.75,75
Strawberry and goat cheese salad,15,10.5,6,9,4.5,30,330,9,330,37.5,150,45,450,120,3,2.25,3.75,120
Summer corn salad,22.5,9,1.5,6,3,0,15,9,345,37.5,150,6,300,30,0.75,0.75,1.5,3
Tomato and mozzarella salad,7.5,18,10.5,13.5,1.5,60,600,4.5,150,45,300,45,1200,120,0.75,0.75,1.5,7.5
Watermelon and feta salad,25,2,1,6,3,11,305,21,480,45,90,31.25,1440,257.5,1.75,2,0.25,0.25
Chicken noodle soup,13.2,5.04,1.44,10.56,1.44,28.8,1946.4,3.6,168,19.2,117.6,3.6,144,24,1.44,0.72,0.48,6.72
Tomato soup,27.685,4.165,0.735,7.35,3.675,0,1183.35,17.64,1014.3,26.95,93.1,57.82,2040.85,56.35,0.98,0.735,0.98,19.355
French onion soup,37.4,19.8,9.9,15.4,4.4,41.8,2648.8,11,743.6,39.6,305.8,9.68,235.4,374,3.08,1.32,0.44,6.16
Minestrone soup,24.644,1.464,0.244,6.1,6.344,0,995.52,7.564,578.28,21.96,80.52,8.784,5895.04,82.96,1.952,1.22,0.732,6.344
Potato soup,40.67,17.64,10.045,10.045,3.92,51.45,1330.35,4.41,1342.6,49,245,19.355,1073.1,144.55,3.185,0.735,0.735,8.085
Vegetable soup,32.83,3.43,0.735,9.8,8.085,0,1470,9.065,1176,56.35,159.25,30.87,1506.75,137.2,1.96,2.695,1.47,25.97
Lentil soup,60.39,2.178,0.396,24.552,15.642,0,689.04,4.356,730.62,93.06,360.36,15.444,178.2,47.52,6.534,4.95,2.574,15.048
Split pea soup,91.875,2.94,0.49,40.425,39.935,0,2467.15,9.555,1220.1,147,774.2,8.085,2775.85,53.9,5.39,6.125,0.49,39.2
Butternut squash soup,42.63,0.735,0.245,4.165,7.35,0,1114.75,10.045,1425.9,53.9,117.6,42.63,10037.65,205.8,1.47,2.205,2.94,2.695
Beef stew soup,28.42,27.685,9.555,38.22,3.92,151.9,1722.35,8.33,1337.7,53.9,597.8,11.515,362.6,39.2,6.125,6.125,0.49,6.125
Gazpacho soup,9.36,0.72,0.24,1.92,1.92,0,998.4,6.24,489.6,21.6,74.4,29.52,751.2,36,0.72,0.72,0.48,5.28
Clam chowder soup,15.19,25.725,13.965,23.275,1.225,102.9,2165.8,6.615,585.55,53.9,421.4,18.62,546.35,227.85,5.88,5.88,0.49,12.005
Corn chowder soup,41.16,18.62,10.29,7.105,4.9,39.2,975.1,13.965,766.85,75.95,198.45,14.7,2352,144.55,2.94,1.715,1.47,3.92
Broccoli cheddar soup,24.5,28.42,16.66,15.925,4.655,80.85,1521.45,3.675,634.55,53.9,225.4,110.25,3765.65,911.4,2.205,1.225,5.145,270.97
Cream of mushroom soup,22.54,13.965,8.085,4.165,2.695,29.4,945.7,5.39,828.1,31.85,161.7,1.96,7.35,39.2,1.715,1.225,0.49,5.39
Cream of tomato soup,32.095,6.86,3.675,4.165,3.92,17.15,989.8,18.13,938.35,26.95,85.75,36.75,1102.5,154.35,5.39,0.49,2.695,50.96
Fish chowder soup,33.32,17.15,10.535,15.68,3.43,117.6,867.3,5.145,1038.8,83.3,328.3,19.11,541.45,235.2,3.185,2.695,1.225,4.655
Black Bean Soup,62.23,3.43,0.49,20.58,21.56,0,1239.7,7.84,935.9,137.2,396.9,5.88,1139.25,90.65,5.39,4.165,0.245,35.525
Chicken and Rice Soup,18.62,4.165,1.225,22.54,2.695,58.8,1624.35,3.675,294,44.1,210.7,1.225,967.75,58.8,2.695,2.695,0.49,0
Chicken and Dumpling Soup,33.075,8.085,2.695,17.885,1.225,98,1675.8,4.41,247.45,31.85,215.6,1.715,318.5,88.2,3.675,2.695,0.49,0
Italian Wedding Soup,15.435,8.085,3.185,20.58,2.205,66.15,1673.35,2.695,308.7,49,249.9,5.39,3920,301.35,4.655,2.695,3.92,42.14
Beef Noodle Soup,23.765,10.535,3.92,18.865,1.96,61.25,1653.75,2.205,235.2,36.75,262.15,1.225,245,41.65,3.185,3.185,0.735,0
Borscht Soup,28.42,3.675,0.49,5.88,6.37,4.9,2060.45,11.27,791.35,53.9,117.6,4.655,730.1,44.1,1.47,1.225,0.49,6.86
Cheese,0.468,11.916,7.416,8.964,0,37.8,223.56,0.18,35.28,10.08,184.32,0,257.4,0.216,0.756,259.56,0.144,1.116
Yogurt,4.7,3.3,2.1,3.6,0,10,36,4.7,141,12,100,0.5,24,0.1,0.1,121,0.1,0.4
Butter,0.0432,58.3992,36.9864,0.612,0,154.8,492.48,0.0432,17.28,1.44,17.28,0,1799.28,1.6704,5.04,17.28,0.0144,0.0648
Cream Cheese,1.0744,11.8966,7.3474,2.3154,0,35.7,150.62,1.0744,30.94,2.38,41.82,0.17,323.68,0.0646,0.408,24.48,0.1496,0.17
Cottage Cheese,2.6362,4.214,2.597,10.8976,0,10.78,356.72,2.6362,101.92,7.84,135.24,0.098,62.72,0.049,0.098,81.34,0.0882,0.392
Whipped cream,1.086,7.95,4.92,0.783,0,25.5,23.1,1.086,25.2,2.1,19.2,0.15,150.6,0.054,0.15,23.1,0.006,0.06
Heavy cream,0.7125,9.025,5.625,0.7,0,24.5,15.25,0.7125,24.5,1.25,17.25,0,203,0.58,0.15,17,0.0275,0.075
Butter Milk,4.8,0.9,0.6,3.3,0,3,110,4.8,151,11,95,0,63,0.03,0.2,116,0.03,0.4
Ghee,14,8.82,0,0,39.2,0.28,0,0,0,0,0,428.4,0,0,0,0.392,1.204,1.204
Cream,3.298,33.95,21.34,2.522,0,101.85,27.16,3.298,95.06,4.85,63.05,0,1455,0.2328,0.485,107.67,0.097,0.388
Light Cream,1.8,6.6,4.2,0.78,0,19.8,25.2,1.8,26.1,1.5,17.4,0,465,0.156,0.12,27.6,0.03,0.12
Clotted Cream,1.17,19.2,13.2,1.32,0,75,18,1.17,0,0,0,0,918,0.309,0.03,26.4,0.03,0.03
Sour Cream,1.184,6.4,4.16,0.832,0,19.2,8.96,1.184,25.28,2.24,17.6,0.48,426.56,0.0576,0.16,25.92,0.032,0.096
Cow Ghee,14,8.82,0,0,39.2,0.28,0,0,0,0,0,428.4,0,0,0,0.392,1.204,1.204
Buffalo Ghee,0,14,6.58,0,0,25.76,0,0,0,0,0,0,419.86,0.462,1.232,0.98,0.014,0.014
Desi Ghee,0,14,7.14,0,0,27.3,0,0,0,0,0,0,442.26,0.42,1.204,0.98,0.014,0.014
Goat Ghee,0,14,8.96,0,0,35,0,0,0,0,0,0,0,0.028,0,0,0.0042,0
Flavored ghee,0,15,99.9,0,0,37.5,3,0,0,0,0,0,0,0.03,0,0,0.0045,0
Pure Ghee,0,14,8.82,0,0,35,0,0,0,0,0,0,0,0.028,0,0,0.0042,0
PlainYogurt,4.32,3.96,2.52,4.2,0,15.6,43.2,3.84,169.2,14.4,109.2,0,58.8,0.24,1.08,145.2,0.12,0.48
Greek Yogurt,3.74,5.83,3.85,9.9,0,11,57.2,3.85,155.1,16.5,121,0,24.2,0.11,0.66,146.3,0.22,0.66
Salted Butter,0.014,11.354,7.196,0.126,0,30.1,99.96,0.014,3.36,0.28,3.36,0,349.86,0.322,0.98,3.36,0,0
Unsalted Butter,0.015,12.165,7.71,0.135,0,32.25,107.1,0.015,3.6,0.3,3.6,0,374.85,0.345,1.05,3.6,0,0
Whipped Butter,0.014,11.354,7.196,0.126,0,30.1,99.96,0.014,3.36,0.28,3.36,0,349.86,0.322,0.98,3.36,0,0
Veg Grilled Sandwich,63,14,3.5,14,5.25,0,682.5,3.5,385,78.75,227.5,21,700,297.5,4.375,3.5,5.25,8.75
Masala Toast Sandwich,48.75,12.5,3.75,11.25,5,18.75,800,5,262.5,62.5,212.5,12.5,562.5,250,3.75,3.75,5,7.5
Cheese Sandwich,37.5,22.5,11.25,15,2.5,75,850,3.75,212.5,37.5,250,6.25,500,412.5,2.5,2.5,2.5,1.25
Paneer Sandwich,56,29.75,15.75,22.75,5.25,131.25,1225,7,315,78.75,437.5,14,875,385,7,7,8.75,3.5
Egg Sandwich,48.125,15.75,6.125,19.25,1.925,374.5,728,3.85,206.5,21,278.25,0,859.25,218.75,2.275,1.4,2.1,36.75
Peanut Butter and Jelly Sandwich,56.125,19.375,3.25,11.25,2.625,0,522.5,31.25,258.75,63.75,230,0,95,76.25,1.875,1.75,11.375,0.625
Chicken Sandwich,47.775,12.425,3.15,31.5,1.925,64.75,1104.25,8.05,388.5,40.25,420,2.45,273,141.75,2.8,1.925,2.275,5.775
Club Sandwich,93.825,32.175,8.325,40.5,4.275,121.5,2263.5,13.725,510.75,65.25,675,4.275,1012.5,369,4.95,3.6,3.15,33.525
Coleslaw Sandwich,27.65,9.625,1.4,8.75,2.45,0,407.75,5.6,283.5,28,148.75,79.625,1771,122.5,1.925,0.7,1.225,25.55
Veggie Delight Sandwich,70,9.625,2.625,15.75,6.125,0,875,6.125,402.5,105,332.5,17.5,1400,262.5,3.15,3.85,3.5,14
Aloo Toast Sandwich,43.75,15,4.375,17.5,5,12.5,812.5,5,562.5,87.5,375,31.25,1125,18.75,2.5,3.75,4.375,7.5
Corn and Cheese,43.75,21,8.75,17.5,3.5,43.75,1312.5,3.5,315,52.5,350,8.75,1750,17.5,2.625,3.15,7,0.875
Cucumber and Tomato Sandwich,35,5,1.25,7.5,3.125,0,750,3.75,375,25,200,10,1250,250,1.5,1.875,1.875,12.5
Jam Sandwich,68.75,4.375,0.625,6.25,1.25,0,375,37.5,62.5,18.75,187.5,37.5,62.5,25,1.25,1.5,1.25,0.625
Potato and Cheese Sandwich,61.25,26.25,10.5,17.5,3.5,52.5,1032.5,5.25,490,61.25,332.5,17.5,875,700,2.8,1.225,1.05,0
Bread Butter Sandwich,38.25,19.875,8.125,9.75,1.875,33.75,775,4.125,166.25,31.25,205,0,102.5,121.25,1.875,1.375,1.75,0.5
White Bread,14.85,0.81,0.15,2.43,0.45,0,162.9,1.59,15.96,6.6,42.6,0,0.3,12.9,0.99,0.24,0.15,0.09
Wheat Bread,15.675,1.056,0.165,2.937,1.617,0,136.29,1.221,66.66,13.53,59.73,0,0.33,11.55,0.825,0.429,0.132,0.231
Whole Grain Bread,14.916,1.386,0.198,3.102,2.112,0,128.04,1.386,102.63,19.14,73.92,0,0.33,22.11,1.089,0.759,0.264,0.726
Rye Breads,16.665,0.957,0.165,2.805,1.815,0,145.53,1.617,61.38,13.53,60.72,0,0.33,10.56,0.891,0.429,0.198,1.089
Brown Bread,15.147,1.386,0.198,3.036,2.046,0,111.54,1.518,96.69,17.49,75.24,0,0.33,17.49,1.056,0.726,0.165,0.495
Sprouted Grain Bread,14.685,1.155,0.165,3.003,2.046,0,128.04,1.221,113.19,23.1,79.86,0,0.33,15.84,0.825,0.495,0.264,0.891
Multigrain Bread,14.19,1.056,0.165,2.97,2.31,0,151.8,1.32,84.15,26.4,57.75,0,0,22.11,0.825,0.726,0.198,0.891
Paav Bread,28.6,1.98,0.33,4.4,1.1,0,291.5,1.1,63.25,13.75,57.75,0,0,33.55,1.375,0.66,0.165,0.715
Bun Bread,29.37,2.42,0.385,5.225,0.99,0,246.95,1.76,55,13.75,70.4,0,0,57.75,1.815,0.77,0.275,0
Brown Rices,19.975,0.765,0.17,2.21,1.53,0,0.85,0.7225,36.55,37.4,93.5,0,0,8.5,0.68,0.9265,0.1445,1.36
Basmati Rices,79,0.8,0.2,7.3,1.3,0,1,0.12,35,24,79,0,0,5,1.08,0.99,0.08,0.4
Baby Corn,2.9,0.15,0,0.75,0.8,0,2.5,1.25,105.5,10.5,8.5,2.75,43.5,4.5,0.25,0.1,0.05,0.25
Wild Rices,21.3,0.4,0.1,4,1.8,0,7,0.35,427,44,306,0,0,10,1.44,2.03,1.29,1.9
Sweet Corns,27.55,1.45,0.29,4.35,2.9,0,21.75,4.669,391.5,53.65,129.05,9.86,275.5,2.9,0.754,0.3915,0.0435,0.435
Rolled Oatss,66,7,1,17,10,0,0,1.07,429,138,180,0,0,54,4.72,1.29,0.45,0
Quick Oatss,67,6.5,1,13,10,0,5,0.77,355,110,180,0,0,54,4.72,1.29,0.45,0
Instant Oatss,67,6.9,1.2,12,10,0,202,0.76,259,32,89,0,0,11,1.31,0.27,0.11,0
Steel-cut Oatss,68,7,1,14,10,0,0,0.99,350,138,180,0,0,54,4.72,1.29,0.45,0
Oat Groatss,68,6.5,1,13,10,0,2,1.55,429,139,410,0,0,52,4.72,1.29,0.03,0
Whole Barleys,73.5,2.3,0.4,9.9,17.3,0,12,0.8,452,158,295,0,0,33,3.6,2.2,0.6,1.6
Barley Flakess,121.275,3.795,0.825,16.995,25.74,0,4.95,1.32,462,57.75,179.85,0,0,13.2,4.125,2.475,0,2.475
Barley Gritss,76,1.3,0.3,8.2,15,0,3,0.8,280,35,109,0,0,8,2.5,1.5,0,1.5
Whole Ryes,38.155,0.96,0.14,4.86,7.8,0,3,0.55,167,60.5,175,0.25,0,17,0.9,0.85,0.25,1.35
Whole Grain Wheat,71.2,2.5,0.4,11.8,10.7,0,2,0.9,405,138,318,0,0,34,3.9,2.8,1.1,1.9
Sprouts,2.95,0.15,0,1.55,0.65,0,6.5,0.45,39.5,12,35,6.6,15,8,0.75,0.25,0.75,0.55
Whole Grain Quinoa,64.2,6.1,0.7,14.1,7,0,5,2.4,563,197,457,0,0,47,4.6,3.1,2.4,0.9
Foxtail Millets,37.8,1.8,0.45,4.8,1.95,0,25.5,0.9,450,94.5,435,0,0,46.5,4.2,2.4,1.2,0
Barnyard Millets,37.758,1.044,0.174,6.264,3.132,0,15.66,2.784,339.3,55.68,509.82,0,0,19.14,11.658,4.872,1.914,0
Little Millets,25.2,1.3,0.3,3.6,7.6,0,17,1.4,205,25,211,0,0,17,9.3,2.2,0.2,0
Kodo Millets,21.66,1.19,0.25,3.3,1.2,0,27,0.9,241,37,293,0,0,27,0.9,0.9,0.1,0
Pearl Millets,40.29,2.21,0.51,5.27,2.21,0,28.9,1.36,595,193.8,484.5,0,0,40.8,5.27,3.06,2.89,0
White Sorghums,27.5,1.1,0,3.3,3.3,0,2.2,0.66,385,149.6,315.7,0,0,30.8,3.85,1.32,0.55,0
Sorghum Flakes,22.95,0.93,0.15,2.19,1.89,0,1.5,0.15,105,40.8,86.1,0,0,0,1.32,0.84,0.03,0
Whole grain Sorghum,72.1,3.3,0.7,11.3,6.7,0,5,2.6,350,197,287,0,0,0,4.4,2.8,0.5,0
Roti,23.05,3.1,0.75,4.85,1.45,0,86.5,0,59.5,37,80,0.25,5.5,48.5,1.95,0.7,0.55,0.95
Paratha,34.65,5.325,1.275,7.125,1.95,0,168,0,86.25,54,84,0.375,8.25,55.5,1.65,0.45,1.125,2.625
Fruit Juice,32.5,0.25,0,1,0.5,0,10,30,405,20,40,100,832.5,0.75,3.75,27.5,0.75,0.175
Aloe Vera Juice,12.95,0,0,0.35,0,0,38.5,12.95,199.5,14,28,9.8,77,0,105,28,0.14,0.35
Cold-pressed Juice,26.25,1.25,0,1.25,1.25,0,7.5,22.5,537.5,25,25,125,3915,0.625,1.5,70,0.9,0.725
Watermelon Juice,28,0,0,0,0,0,14,24.5,308,35,35,28,1991.5,0.175,0.35,35,0.7,0.7
Pineapple Juice,45.5,0,0,0,0,0,17.5,35,350,45.5,35,98,164.5,0.385,2.1,35,0.35,1.05
Orange Juice,38.5,0,0,3.5,0,0,3.5,31.5,700,42,70,175,787.5,0.35,0.35,38.5,1.4,0.35
Cranberry Juice,42.7,0.35,0,0.35,0.35,0,7,42.7,297.5,21,17.5,46.55,210,1.33,17.85,28,0.35,0.35
Grapefruit Juice,33.25,0.35,0,1.75,0.7,0,3.5,33.25,581,24.5,45.5,109.2,658,0.28,0.35,42,0.35,0.35
Pomegranate Juice,65.45,4.2,0.7,3.5,3.15,0,24.5,58.45,1137.5,126,136.5,57.4,0,2.1,57.4,35,1.05,1.4
Strawberry Juice,40.95,0.7,0,2.1,2.8,0,7,37.1,472.5,35,42,122.5,49,1.015,1.75,42,0.7,0.7
Honeydrew Juice,57.75,0,0,1.75,2.45,0,31.5,49.7,959,28,45.5,70,378,0.49,1.75,21,1.05,0.42
Cantaloupe Juice,28.7,0,0,2.8,3.15,0,49,27.65,934.5,38.5,66.5,126,11837,0.28,0.0525,31.5,0.7,0.49
Papaya Juice,47.95,0.7,0,2.45,2.8,0,31.5,36.05,637,49,49,217,1148,1.89,6.3,70,1.05,0.35
Carrot Juice,33.6,0.7,0,3.15,9.8,0,241.5,17.15,1120,38.5,70,17.5,59570,1.33,59.15,115.5,1.05,1.05
Apple Juice,26.4,0,0,0.24,0.48,0,2.4,24,256.8,12,24,16.8,2.4,2.4,0.288,0.12,0.432,0
Mango Juice,36,0,0,0.96,0.72,0,9.6,31.2,374.4,43.2,38.4,86.4,12,24,0.384,0.216,2.16,1.44
Beetroot Juice,24,0,0,1.92,0.48,0,132,16.8,780,55.2,38.4,16.8,36,38.4,1.92,0.408,0.12,0.48
Black Coffee,0.48,0,0,0.72,0.72,0,12,0,278.4,19.2,48,0,0,0.024,0,9.6,0.12,0.024
Coffee with cream and sugar,29.52,15.6,9.84,2.64,0,55.2,132,24.96,331.2,16.8,213.6,0,120,0.264,0,172.8,0.12,0.048
Black Tea,0.96,0,0,0.24,0.24,0.48,0,4.8,0,60,7.2,24,0,0,0.024,0,16.8,0.048
Tea with milk and sugar,22.8,7.92,5.04,6.24,0,26.4,91.2,21.84,369.6,26.4,163.2,0,31.2,0.216,0,235.2,0.864,0.024
Hot Chocolate,52.8,14.4,9,15.2,4.8,48,276,46.8,820,94,490,1.8,272,1.5,6.8,500,4.8,1.6
Chai,48,12,7.2,9.6,2.4,48,120,45.6,264,12,72,0,0,0,0,0,0,0
Espresso,0.54,0.03,0,0.27,0,0,2.1,0,43.8,2.4,7.8,0,0,0,0,1.8,0.06,0
Cappuccino,9.18,4.14,2.52,5.4,0,18,100.8,7.92,259.2,19.8,167.4,0,72,0.18,1.08,185.4,0.18,0.18
Americano,0.24,0.24,0,0.72,0.24,0,16.8,0,180,19.2,9.6,0,0,0.024,1.2,21.6,0.24,0.024
Macchiato,4.16,2.16,1.36,1.68,0,8,30.4,4,80,8,16,0,180,0.048,0.08,8,0.16,0.024
Irish coffee,39.36,23.76,14.16,3.36,0,146.4,93.6,33.6,451.2,14.4,93.6,0,391.2,2.52,13.2,48,0.48,0.192
Masala chai,21.6,5.28,1.68,4.32,4.32,16.8,96,18.72,223.2,45.6,117.6,0,984,6,12,427.2,3.6,0.696
Earl Grey tea,0.4,0,0,0.2,0,0,12,0.4,54,2,2,0,0,0,4,0.2,0.02,0.06
Jasmine tea,0.4,0,0,0.2,0,0,2,0.4,60,4,4,0,0,0,18,0.2,0.02,0
Rooibos tea,0,0,0,0,0,0,12,0,14,2,0,0,0,0,0,22,0.14,0.14
Peppermint tea,0.4,0,0,0.2,0.8,0,2,0,160,10,20,0,0,0,0,16,2.4,0.38
Lemon ginger tea,0.4,0,0,0.2,0.4,0,6,0.4,36,4,4,2.8,0,0,0,12,0.2,0.04
Lavender latte,35,19.25,12.25,17.5,0,84,245,31.5,567,73.5,577.5,0,763,0.385,9.45,420,4.55,1.05
Cardamom coffee,0.72,0,0,0.72,0,0,2.4,0,117.6,24,117.6,0,0,0,0,4.8,1.2,0.216
Golden milk,45.5,26.25,19.95,12.25,0,66.5,203,33.95,920.5,91,525,0,875,5.005,2.45,469,27.3,6.125
Dalgona coffee,124,28,18,6,0,56,292,104,688,68,176,0,0,0.22,0,46,10.8,1
Red espresso,0.06,0,0,0.03,0.03,0,0,0,20.1,0.3,4.5,0,0,0,0,0,0.12,0.006
Chamomile tea,0.4,0,0,0.2,0.4,0,2,0.4,18,2,12,0,110,0.04,0,24,0.4,0.06
Cold Brew Coffee,0.35,0,0,0.35,0,0,17.5,0,210,17.5,17.5,0,0,0,0,14,0.35,0.105
Milk Tea,40,3.2,1.6,5.6,0,28,68,36,312,16,132,0,72,2.8,0.8,264,2.8,0.12
Boba Tea,59,2,0.5,1.5,0,10,70,51.5,50,10,100,50,0,0.5,0.5,50,1,0.5
Bubble Tea,59,2,0.5,1.5,0,10,70,51.5,50,10,100,50,0,0.5,0.5,50,1,0.5
Hibiscus tea,36,0,0,0,0,0,12,32,148,60,80,0,2080,6.4,27.2,156,2.4,0.4
Normal Milk,4.7,3.2,1.9,3.2,0,10,44,5,150,12,93,1.1,68,0.1,0.1,113,0.1,0.4
Condensed Milk,62.26,8.8,5.61,8.25,0,34.1,176,62.26,353.1,31.9,280.5,3.85,355.3,0.66,0.11,304.7,0.11,1.21
Skim Milk,4.8,0.2,0.06,3.4,0,2,47,5,159,11,97,0,98,0.1,0.1,125,0.05,0.4
Low Fat Milk,5,1,0.6,3.4,0,5,48,5,150,12,100,2,496,0.11,0.4,122,0.1,0.4
Whole Milk,4.944,3.399,1.957,3.296,0,10.3,51.5,5.15,154.5,10.3,95.79,0,153.47,0.103,0.103,128.75,0.103,0.103
Soya Milk,3.978,1.836,0.306,3.366,0.612,0,47.94,2.958,120.36,12.24,103.02,0,0,0.408,0.102,94.86,0.306,0.612
Cow's Milk,4.896,3.366,1.938,3.264,0,10.2,51,5.1,153,10.2,94.86,0,151.98,0.102,0.102,127.5,0.102,0.102
Goat's Milk,4.635,4.223,2.781,3.708,0,11.33,51.5,4.635,210.12,14.42,125.66,0,30.9,0.103,0.103,138.02,0.103,0.206
Sheep's Milk,5.4,7.2,4.7,5.4,0,11,50,5.4,132,14,170,3.4,127,0.1,1.8,193,0.1,0.7
Buffalo Milk,4.9,6.9,4.4,4.5,0,15,50,4.9,133,11,130,3.1,61,0.2,1.5,197,0.1,0.5
Acorn,40.7,23.9,1.8,6.2,6.7,0,2,0,418,91,110,0,0,47,1.2,1.1,0.24,0
Brazil nut,0.98,18.76,4.228,4.004,0.588,0,0.84,0.392,184.52,105.28,203,0,0,44.8,0.7,1.148,1.596,0
butternut,14.88,0.12,0,1.2,3.36,0,3.6,3.12,342,52.8,50.4,9.6,127.2,57.6,0.72,0.96,0.72,1.32
Candlenuts,4.032,21.112,4.228,2.156,3.304,0,0,0.252,175.84,40.88,63.28,0.028,0,15.12,1.12,0.448,0.196,0
Caraway Seed,0.42,0.3066,0.0189,0.4158,0.798,0,0.357,0.0126,11.928,5.418,11.928,0.441,0,14.469,0.1155,0.0693,0.4158,0
Cashew,8.4532,12.278,2.1784,5.1016,0.924,0,3.36,1.6548,184.8,81.76,166.04,0.14,0,10.36,1.8704,1.6184,0.252,0
Cedar Nut,5.1716,12.656,1.806,6.258,0.98,0,0.56,1.0052,167.16,70.28,145.04,1.54,0,19.88,1.5484,1.3104,1.4924,1.988
Chestnut,38.2536,1.8984,0.3696,2.4444,6.804,0,3.36,6.7872,497.28,86.52,232.68,27.72,0,22.68,0.9828,0.7812,0.21,4.452
Chia Seed,11.7936,8.6072,0.9324,4.6312,9.632,0,4.48,0.2772,113.96,93.8,0.448,0,176.68,2.1616,1.2824,0.0812,0.14,0
Flax Seed,2.888,4.216,0.3663,1.829,2.73,0,3,0.155,81.3,39.2,49.4,0.06,0,25.5,0.573,0.434,1.995,0
Ginkgo nut,10.752,0.5012,0.0644,1.3748,0.756,0,0.28,0.2324,186.76,25.48,40.04,0,0,3.64,0.392,0.252,0.4032,0
Hazelnut,4.676,17.01,1.24964,4.186,2.716,0,0.84,1.2152,190.4,45.64,81.2,0.504,5.6,31.92,1.316,0.686,4.2084,3.976
Heartnuts,4.284,20.216,1.484,2.604,0.84,0,0,1.148,62.44,36.68,81.2,0.168,0,11.76,0.392,0.42,0.672,1.54
Hemp Seed,0.69,14.7,1.35,9.48,0.36,0,2.1,0.42,257.7,147,348,0.45,0,21,2.97,2.37,0.24,2.1
Hickory Nut,1.092,5.544,0.42,1.008,0.756,0,0,0.504,32.48,26.32,29.12,0.336,1.4,5.88,0.392,0.392,0.364,0.98
Jackfruit Seed,23,1.1,0.3,4.3,1.5,0,4,1.2,448,74,61,13.8,0,56,1.5,1.1,0.5,6.7
Kola Nut,5.04,0.924,0.252,2.688,2.38,0,0.84,0.644,91,17.36,47.32,0,0,0,0,0,0.308,0.476
Macadamia Nut,3.9123,21.4893,3.43035,2.23965,2.268,0,1.4175,1.3041,104.328,36.855,53.298,0.6804,0,24.0975,1.16235,0.3402,0.0567,0
Nigella Seed,0.84,1.055,0.135,0.915,0.43,0,4.4,0.115,32.75,19.5,22.5,0,0,46.55,0.495,0.265,0.025,1.25
Oak Nut,15.0255,6.7473,0.87885,2.1546,5.01795,0,0,0,111.699,20.979,62.937,0,0,6.237,0.3969,0.19845,0.1134,0
Peanut,4.572855,13.95954,1.78038,7.3143,2.40975,0,5.103,1.33812,199.8675,47.628,106.596,0,0,26.082,1.29843,0.927045,2.361555,0.25515
Pecan,3.92931,20.4035,1.75203,2.599695,2.7216,0,0,1.125495,116.235,34.3035,78.5295,0.31185,15.876,19.845,0.717255,1.284255,1.601775,0.99225
Pine Nut,3.6624,19.1436,1.37172,3.8332,1.036,0,0.56,1.0052,167.16,70.28,161,2.52,0,4.48,1.5484,1.806,2.6124,9.772
Pistachio,7.6076,12.7092,1.55988,5.768,2.968,0,0.28,2.1868,287,33.88,137.2,0.644,0,8.68,1.0976,0.8344,0.714,0.476
Pomegranate Aril,16.791,1.0179,0.087,1.4268,3.045,0,2.61,12.4671,179.22,13.92,29.58,5.568,0,8.7,0.261,0.3132,0.522,14.268
Poppy Seed,7.8764,11.8048,1.38544,5.0372,5.46,0,3.92,0.2772,201.32,97.16,231,0.224,0,3.92,2.604,2.212,2.212,9.548
Pumpkin Seed,1.4028,1.4,0.28812,1.4616,0.476,0,1.96,0.2436,63,42.28,73.36,0.168,0,12.88,0.3192,0.266,0.4676,0.14
Quinoa Seed,118.4,11.1,1.85,25.9,12.95,0,9.25,1.85,1041.55,364.45,845.45,0,3.7,86.95,9.25,5.55,3.7,0
Sesame Seed,2.07,4.5,0.63,1.62,1.08,0,0.99,0,42.12,31.59,56.61,0,0.81,87.75,1.26,0.63,2.25,0
Soynut,4.2,6.16,0.84,10.92,2.8,0,2.8,0.28,197.12,45.64,135.8,0,0,15.68,1.68,0.28,0,0
Squash Seed,2.8,13.72,2.52,8.4,1.68,0,1.4,0,257.32,73.36,73.36,0,0,17.64,3.08,1.68,0.56,0
Sunflower Seed,5.6,14.28,1.4,5.88,2.52,0,0.56,0.56,180.6,91,184.8,0.28,14,21.84,1.4,1.4,10.08,0.28
Smoothie,63,0.7,0,3.85,5.95,3.5,24.5,52.5,574,42,108.5,94.5,280,2.8,7,164.5,1.75,1.26
Avocados,2.7,0.6,0.09,0.6,0.6,0,0,0.06,75,8.7,15.6,3,2.1,0.621,6.3,3.6,0.18,0.18
Green Smoothie,40,4,0,8,8,0,160,20,1200,60,120,80,2400,2,20,200,2,6
Blueberry Smoothies,48,2,0,4,4,16,16,36,272,48,212,44,568,1.44,3.6,88,76,1.6
ghee,14,8.82,0,0,39.2,0.28,0,0,0,0,0,428.4,0,0,0,0.392,1.204,1.204
plain yogurt,4.32,3.96,2.52,4.2,0,15.6,43.2,3.84,169.2,14.4,109.2,0,58.8,0.24,1.08,145.2,0.12,0.48
greek gogurt,3.74,5.83,3.85,9.9,0,11,57.2,3.85,155.1,16.5,121,0,24.2,0.11,0.66,146.3,0.22,0.66
sour cream,1.184,6.4,4.16,0.832,0,19.2,8.96,1.184,25.28,2.24,17.6,0.48,426.56,0.0576,0.16,25.92,0.032,0.096
butter milk,4.8,0.9,0.6,3.3,0,3,110,4.8,151,11,95,0,63,0.03,0.2,116,0.03,0.4
Almond,6.076,13.832,1.036,5.936,3.5,0,0.28,1.232,205.24,75.6,135.52,0,0.28,73.92,1.036,0.868,7.168,0
cheese,0.468,11.916,7.416,8.964,0,37.8,223.56,0.18,35.28,10.08,184.32,0,257.4,0.216,0.756,259.56,0.144,1.116
cottage cheese,2.6362,4.214,2.597,10.8976,0,10.78,356.72,2.6362,101.92,7.84,135.24,0.098,62.72,0.049,0.098,81.34,0.0882,0.392
skim milk,4.8,0.2,0.06,3.4,0,2,47,5,159,11,97,0,98,0.1,0.1,125,0.05,0.4
low Fat milk,5,1,0.6,3.4,0,5,48,5,150,12,100,2,496,0.11,0.4,122,0.1,0.4
whole milk,4.944,3.399,1.957,3.296,0,10.3,51.5,5.15,154.5,10.3,95.79,0,153.47,0.103,0.103,128.75,0.103,0.103
soya milk,3.978,1.836,0.306,3.366,0.612,0,47.94,2.958,120.36,12.24,103.02,0,0,0.408,0.102,94.86,0.306,0.612
cow's milk,4.896,3.366,1.938,3.264,0,10.2,51,5.1,153,10.2,94.86,0,151.98,0.102,0.102,127.5,0.102,0.102
goat's milk,4.635,4.223,2.781,3.708,0,11.33,51.5,4.635,210.12,14.42,125.66,0,30.9,0.103,0.103,138.02,0.103,0.206
sheep's milk,5.4,7.2,4.7,5.4,0,11,50,5.4,132,14,170,3.4,127,0.1,1.8,193,0.1,0.7
buffalo milk,4.9,6.9,4.4,4.5,0,15,50,4.9,133,11,130,3.1,61,0.2,1.5,197,0.1,0.5
hot choclate,52.8,14.4,9,15.2,4.8,48,276,46.8,820,94,490,1.8,272,1.5,6.8,500,4.8,1.6
white hot chocolate,213.5,87.5,52.5,17.5,2.45,210,763,203,1134,252,906.5,0,875,0.7,2.1,651,11.55,1.75
coconut hot chocolate,185.5,52.5,42,21,7,3.5,395.5,150.5,1578.5,252,742,0.7,262.5,3.85,3.5,822.5,11.55,8.05
peanut butter hot chocolate,164.5,80.5,42,49,14,80.5,514.5,136.5,1246,427,1001,0,525,3.885,2.1,1428,17.15,3.85
mint hot chocolate,185.5,73.5,42,24.5,17.5,80.5,528.5,150.5,1459.5,269.5,840,0.35,500.5,2.8,1.75,689.5,13.65,3.15
milkshakes,59.5,11.2,7.35,17.85,0.35,56,364,59.5,882,70,637,1.4,514.5,1.4,0.35,581,0.7,1.855
frappuccino,99,11.25,7.2,19.8,0,58.5,436.5,90,936,63,553.5,0,711,0.9,0.45,657,1.35,1.71
protein shake,22,38,13.5,390,6.5,1145,3390,18.5,10200,785,7800,0,10200,0.5,0.5,3950,74.5,61
mango Lassi,63,7,3.5,17.5,0,70,175,52.5,700,87.5,350,105,1750,1.75,17.5,700,5.25,1.75
vanilla Milkshake,117,36.45,22.95,27.45,0,144,711,112.5,1282.5,112.5,1093.5,0,1804.5,1.035,1.8,949.5,6.3,3.6
chocolate Milkshake,117,36.45,22.95,27.45,4.05,144,679.5,112.5,1192.5,198,954,0,828,2.475,1.8,2.7,0.45,0
cashew Milkshake,103.5,49.5,9,13.5,0,40.5,391.5,67.5,904.5,364.5,562.5,0,0,4.68,0,112.5,8.91,3.015
Eggs,0.55,4.75,1.35,6.3,0,186.5,71,0.05,69,5,101,0,74.5,25,1.35,0.65,0.55,0
baru Nuts,19.4,40.5,9.7,13.2,17.2,0,3,2.3,534,235,380,0,0,88,1.8,1.1,0,0
beech Nuts,13.8,53.6,5.5,10.6,5.9,0,0,0,355,251,266,0,0,22,1.1,2.7,0,0
black Walnut,13.7,69.1,6.8,15.2,6.8,0,0,2.6,441,464,410,0,0,61,2.9,3.1,0,0
hemp seeds,0.69,14.7,1.35,9.48,0.36,0,2.1,0.42,257.7,147,348,0.45,0,21,2.97,2.37,0.24,2.1
quinoa seeds,118.4,11.1,1.85,25.9,12.95,0,9.25,1.85,1041.55,364.45,845.45,0,3.7,86.95,9.25,5.55,3.7,0
soynuts,4.2,6.16,0.84,10.92,2.8,0,2.8,0.28,197.12,45.64,135.8,0,0,15.68,1.68,0.28,0,0
squash seeds,2.8,13.72,2.52,8.4,1.68,0,1.4,0,257.32,73.36,73.36,0,0,17.64,3.08,1.68,0.56,0
watermelon seeds,11,49,10,28,4,0,5,2,648,515,648,0,0,0,7,0,0,0
veg grilled sandwich,63,14,3.5,14,5.25,0,682.5,3.5,385,78.75,227.5,21,700,297.5,4.375,3.5,5.25,8.75
cheese sandwich,37.5,22.5,11.25,15,2.5,75,850,3.75,212.5,37.5,250,6.25,500,412.5,2.5,2.5,2.5,1.25
paneer sandwich,56,29.75,15.75,22.75,5.25,131.25,1225,7,315,78.75,437.5,14,875,385,7,7,8.75,3.5
egg sandwich,48.125,15.75,6.125,19.25,1.925,374.5,728,3.85,206.5,21,278.25,0,859.25,218.75,2.275,1.4,2.1,36.75
peanut butter and jelly sandwich,56.125,19.375,3.25,11.25,2.625,0,522.5,31.25,258.75,63.75,230,0,95,76.25,1.875,1.75,11.375,0.625
chicken sandwich,47.775,12.425,3.15,31.5,1.925,64.75,1104.25,8.05,388.5,40.25,420,2.45,273,141.75,2.8,1.925,2.275,5.775
club sandwich,93.825,32.175,8.325,40.5,4.275,121.5,2263.5,13.725,510.75,65.25,675,4.275,1012.5,369,4.95,3.6,3.15,33.525
vegie delight sandwich,70,9.625,2.625,15.75,6.125,0,875,6.125,402.5,105,332.5,17.5,1400,262.5,3.15,3.85,3.5,14
corn and cheese sandwich,43.75,21,8.75,17.5,3.5,43.75,1312.5,3.5,315,52.5,350,8.75,1750,17.5,2.625,3.15,7,0.875
mixed teff,94.9,3.12,0.65,17.29,10.4,0,46.8,3.12,555.1,239.2,477.1,0,0,234,9.88,2.73,4.03,0
fava beans,58.3,1.5,0.4,26.1,25,0,13,0.4,1093,192,367,10.7,60,1.45,36,103,2.7,1.5
edamame beans,11.1,5.2,0.7,10.1,5.2,0,6,2.4,484,118,202,3,79,0.7,17.8,5,2.7,0.6
kidney beans,22.8,0.5,0.1,9,6.4,0,24,0.3,406,78,143,4,0,1.8,8.5,15,2.6,1
velvet beans,63.38,1.46,0.42,25.23,19.2,0,9,0,1664,0,276,1.4,0,0,7.2,50,13.4,7.5
pink beans,60.13,1.26,0.24,23.58,15.4,0,6,2.87,1407,0,354,1.8,0,0,29,43,6.8,4.2
pinto beans,62.65,1.16,0.15,21.42,15.4,0,6,2.4,1392,0,374,1.3,0,0,24,55,2.4,4.2
navy beans ,4.0959,0.8658,74.259,78.588,0,79.92,6.993,4685.31,406.26,1478.52,2.664,0,476.19,0,0,14.985,14.652,0.666
